repository,path,line,owner,cohort,signal,symbol
framework,app/classes/core/customexception_class_inc.php,89,framework-core,application,mdb2_symbol,MDB2
framework,app/classes/core/dbtable_class_inc.php,181,framework-core,application,connection_access,getDbObj(
framework,app/classes/core/dbtable_class_inc.php,206,framework-core,application,mdb2_symbol,MDB2
framework,app/classes/core/dbtable_class_inc.php,207,framework-core,application,driver_state,->phptype
framework,app/classes/core/dbtable_class_inc.php,207,framework-core,application,raw_connection_member,->_db->phptype
framework,app/classes/core/dbtable_class_inc.php,208,framework-core,application,pdo,PDO
framework,app/classes/core/dbtable_class_inc.php,376,framework-core,application,pear_error,PEAR::isError
framework,app/classes/core/dbtable_class_inc.php,385,framework-core,application,pear_error,PEAR::isError
framework,app/classes/core/dbtable_class_inc.php,395,framework-core,application,pear_error,PEAR::isError
framework,app/classes/core/dbtable_class_inc.php,420,framework-core,application,raw_connection_member,->_db->setLimit
framework,app/classes/core/dbtable_class_inc.php,422,framework-core,application,pear_error,PEAR::isError
framework,app/classes/core/dbtable_class_inc.php,432,framework-core,application,raw_connection_member,->_db->setLimit
framework,app/classes/core/dbtable_class_inc.php,434,framework-core,application,pear_error,PEAR::isError
framework,app/classes/core/dbtable_class_inc.php,445,framework-core,application,raw_connection_member,->_db->setLimit
framework,app/classes/core/dbtable_class_inc.php,447,framework-core,application,pear_error,PEAR::isError
framework,app/classes/core/dbtable_class_inc.php,472,framework-core,application,raw_connection_member,->_db->subSelect
framework,app/classes/core/dbtable_class_inc.php,485,framework-core,application,pear_error,PEAR::isError
framework,app/classes/core/dbtable_class_inc.php,494,framework-core,application,pear_error,PEAR::isError
framework,app/classes/core/dbtable_class_inc.php,504,framework-core,application,pear_error,PEAR::isError
framework,app/classes/core/dbtable_class_inc.php,597,framework-core,application,transaction_or_lock,beginTransaction
framework,app/classes/core/dbtable_class_inc.php,598,framework-core,application,raw_connection_member,->_db->supports
framework,app/classes/core/dbtable_class_inc.php,599,framework-core,application,raw_connection_member,->_db->beginTransaction
framework,app/classes/core/dbtable_class_inc.php,599,framework-core,application,transaction_or_lock,beginTransaction
framework,app/classes/core/dbtable_class_inc.php,612,framework-core,application,driver_state,->in_transaction
framework,app/classes/core/dbtable_class_inc.php,612,framework-core,application,raw_connection_member,->_db->in_transaction
framework,app/classes/core/dbtable_class_inc.php,613,framework-core,application,raw_connection_member,->_db->commit
framework,app/classes/core/dbtable_class_inc.php,613,framework-core,application,transaction_or_lock,commit
framework,app/classes/core/dbtable_class_inc.php,626,framework-core,application,raw_connection_member,->_db->rollback
framework,app/classes/core/dbtable_class_inc.php,626,framework-core,application,transaction_or_lock,rollback
framework,app/classes/core/dbtable_class_inc.php,663,framework-core,application,raw_connection_member,->_db->quote
framework,app/classes/core/dbtable_class_inc.php,677,framework-core,application,mdb2_symbol,MDB2
framework,app/classes/core/dbtable_class_inc.php,678,framework-core,application,driver_state,->phptype
framework,app/classes/core/dbtable_class_inc.php,678,framework-core,application,raw_connection_member,->_db->phptype
framework,app/classes/core/dbtable_class_inc.php,681,framework-core,application,raw_connection_member,->_db->query
framework,app/classes/core/dbtable_class_inc.php,683,framework-core,application,pdo,PDO
framework,app/classes/core/dbtable_class_inc.php,686,framework-core,application,pdo,PDOException
framework,app/classes/core/dbtable_class_inc.php,721,framework-core,application,raw_connection_member,->_db->quote
framework,app/classes/core/dbtable_class_inc.php,723,framework-core,application,raw_connection_member,->_db->quote
framework,app/classes/core/dbtable_class_inc.php,732,framework-core,application,mdb2_symbol,MDB2
framework,app/classes/core/dbtable_class_inc.php,733,framework-core,application,driver_state,->phptype
framework,app/classes/core/dbtable_class_inc.php,733,framework-core,application,raw_connection_member,->_db->phptype
framework,app/classes/core/dbtable_class_inc.php,736,framework-core,application,raw_connection_member,->_db->query
framework,app/classes/core/dbtable_class_inc.php,738,framework-core,application,pdo,PDO
framework,app/classes/core/dbtable_class_inc.php,741,framework-core,application,pdo,PDOException
framework,app/classes/core/dbtable_class_inc.php,773,framework-core,application,mdb2_symbol,MDB2
framework,app/classes/core/dbtable_class_inc.php,774,framework-core,application,driver_state,->phptype
framework,app/classes/core/dbtable_class_inc.php,774,framework-core,application,raw_connection_member,->_db->phptype
framework,app/classes/core/dbtable_class_inc.php,777,framework-core,application,raw_connection_member,->_db->query
framework,app/classes/core/dbtable_class_inc.php,779,framework-core,application,pdo,PDO
framework,app/classes/core/dbtable_class_inc.php,782,framework-core,application,pdo,PDOException
framework,app/classes/core/dbtable_class_inc.php,788,framework-core,application,raw_connection_member,->_db->query
framework,app/classes/core/dbtable_class_inc.php,814,framework-core,application,raw_connection_member,->_db->query
framework,app/classes/core/dbtable_class_inc.php,831,framework-core,application,raw_connection_member,->_db->prepare
framework,app/classes/core/dbtable_class_inc.php,832,framework-core,application,mdb2_result_or_schema,->loadModule(
framework,app/classes/core/dbtable_class_inc.php,832,framework-core,application,raw_connection_member,->_db->loadModule
framework,app/classes/core/dbtable_class_inc.php,833,framework-core,application,driver_state,->extended
framework,app/classes/core/dbtable_class_inc.php,833,framework-core,application,raw_connection_member,->_db->extended
framework,app/classes/core/dbtable_class_inc.php,834,framework-core,application,raw_connection_member,->_db->executeMultiple
framework,app/classes/core/dbtable_class_inc.php,880,framework-core,application,pear_error,PEAR::isError
framework,app/classes/core/dbtable_class_inc.php,925,framework-core,application,mdb2_symbol,MDB2
framework,app/classes/core/dbtable_class_inc.php,926,framework-core,application,raw_connection_member,->_db->exec
framework,app/classes/core/dbtable_class_inc.php,928,framework-core,application,pear_error,PEAR::isError
framework,app/classes/core/dbtable_class_inc.php,930,framework-core,application,mdb2_symbol,MDB2
framework,app/classes/core/dbtable_class_inc.php,942,framework-core,application,pdo,PDO
framework,app/classes/core/dbtable_class_inc.php,944,framework-core,application,raw_connection_member,->_db->exec
framework,app/classes/core/dbtable_class_inc.php,945,framework-core,application,pdo,PDOException
framework,app/classes/core/dbtable_class_inc.php,995,framework-core,application,raw_connection_member,->_db->nextId
framework,app/classes/core/dbtable_class_inc.php,1027,framework-core,application,raw_connection_member,->_db->setDatabase
framework,app/classes/core/dbtable_class_inc.php,1044,framework-core,application,raw_connection_member,->_db->executeStoredProc
framework,app/classes/core/dbtable_class_inc.php,1058,framework-core,application,mdb2_symbol,MDB2
framework,app/classes/core/dbtable_class_inc.php,1059,framework-core,application,mdb2_symbol,MDB2_Date
framework,app/classes/core/dbtable_class_inc.php,1060,framework-core,application,pdo,PDO
framework,app/classes/core/dbtable_class_inc.php,1072,framework-core,application,mdb2_symbol,MDB2
framework,app/classes/core/dbtable_class_inc.php,1073,framework-core,application,mdb2_result_or_schema,->mgListTables(
framework,app/classes/core/dbtable_class_inc.php,1073,framework-core,application,raw_connection_member,->_db->mgListTables
framework,app/classes/core/dbtable_class_inc.php,1075,framework-core,application,pdo,PDO
framework,app/classes/core/dbtable_class_inc.php,1080,framework-core,application,pdo,PDOException
framework,app/classes/core/dbtable_class_inc.php,1098,framework-core,application,pdo,PDOException
framework,app/classes/core/dbtable_class_inc.php,1137,framework-core,application,mdb2_symbol,MDB2
framework,app/classes/core/dbtable_class_inc.php,1138,framework-core,application,mdb2_result_or_schema,->queryAll(
framework,app/classes/core/dbtable_class_inc.php,1138,framework-core,application,raw_connection_member,->_db->queryAll
framework,app/classes/core/dbtable_class_inc.php,1139,framework-core,application,pear_error,PEAR::isError
framework,app/classes/core/dbtable_class_inc.php,1142,framework-core,application,pdo,PDO
framework,app/classes/core/dbtable_class_inc.php,1144,framework-core,application,raw_connection_member,->_db->prepare
framework,app/classes/core/dbtable_class_inc.php,1148,framework-core,application,pdo,PDOException
framework,app/classes/core/dbtable_class_inc.php,1159,framework-core,application,mdb2_symbol,MDB2
framework,app/classes/core/dbtable_class_inc.php,1160,framework-core,application,mdb2_result_or_schema,->queryRow(
framework,app/classes/core/dbtable_class_inc.php,1160,framework-core,application,raw_connection_member,->_db->queryRow
framework,app/classes/core/dbtable_class_inc.php,1162,framework-core,application,pear_error,PEAR::isError
framework,app/classes/core/dbtable_class_inc.php,1164,framework-core,application,mdb2_symbol,MDB2
framework,app/classes/core/dbtable_class_inc.php,1174,framework-core,application,pdo,PDO
framework,app/classes/core/dbtable_class_inc.php,1176,framework-core,application,raw_connection_member,->_db->prepare
framework,app/classes/core/dbtable_class_inc.php,1180,framework-core,application,pdo,PDOException
framework,app/classes/core/dbtable_class_inc.php,1203,framework-core,application,raw_connection_member,->_db->subString
framework,app/classes/core/dbtablemanager_class_inc.php,131,framework-core,application,connection_access,getDbManagementObj(
framework,app/classes/core/dbtablemanager_class_inc.php,132,framework-core,application,connection_access,getDbObj(
framework,app/classes/core/dbtablemanager_class_inc.php,209,framework-core,application,mdb2_symbol,MDB2_SCHEMA_DUMP_STRUCTURE
framework,app/classes/core/dbtablemanager_class_inc.php,213,framework-core,application,mdb2_symbol,MDB2_SCHEMA_DUMP_CONTENT
framework,app/classes/core/dbtablemanager_class_inc.php,217,framework-core,application,mdb2_symbol,MDB2_SCHEMA_DUMP_ALL
framework,app/classes/core/dbtablemanager_class_inc.php,227,framework-core,application,pear_error,PEAR::isError
framework,app/classes/core/dbtablemanager_class_inc.php,259,framework-core,application,mdb2_result_or_schema,->mgListTableFields(
framework,app/classes/core/dbtablemanager_class_inc.php,259,framework-core,application,raw_connection_member,->_db->mgListTableFields
framework,app/classes/core/dbtablemanager_class_inc.php,275,framework-core,application,mdb2_symbol,MDB2_defaultDebugOutput
framework,app/classes/core/dbtablemanager_class_inc.php,315,framework-core,application,driver_state,->phptype
framework,app/classes/core/dbtablemanager_class_inc.php,315,framework-core,application,driver_state,->phptype
framework,app/classes/core/dbtablemanager_class_inc.php,315,framework-core,application,raw_connection_member,->_db->phptype
framework,app/classes/core/dbtablemanager_class_inc.php,315,framework-core,application,raw_connection_member,->_db->phptype
framework,app/classes/core/dbtablemanager_class_inc.php,316,framework-core,application,mdb2_result_or_schema,->setOption(
framework,app/classes/core/dbtablemanager_class_inc.php,316,framework-core,application,raw_connection_member,->_db->setOption
framework,app/classes/core/dbtablemanager_class_inc.php,322,framework-core,application,mdb2_result_or_schema,->mgCreateTable(
framework,app/classes/core/dbtablemanager_class_inc.php,322,framework-core,application,raw_connection_member,->_db->mgCreateTable
framework,app/classes/core/dbtablemanager_class_inc.php,338,framework-core,application,mdb2_result_or_schema,->mgCreateTable(
framework,app/classes/core/dbtablemanager_class_inc.php,338,framework-core,application,raw_connection_member,->_db->mgCreateTable
framework,app/classes/core/dbtablemanager_class_inc.php,353,framework-core,application,mdb2_result_or_schema,->mgDropTable(
framework,app/classes/core/dbtablemanager_class_inc.php,353,framework-core,application,raw_connection_member,->_db->mgDropTable
framework,app/classes/core/dbtablemanager_class_inc.php,368,framework-core,application,mdb2_result_or_schema,->mgCreateIndex(
framework,app/classes/core/dbtablemanager_class_inc.php,368,framework-core,application,raw_connection_member,->_db->mgCreateIndex
framework,app/classes/core/dbtablemanager_class_inc.php,372,framework-core,application,mdb2_result_or_schema,->mgCreateIndex(
framework,app/classes/core/dbtablemanager_class_inc.php,372,framework-core,application,raw_connection_member,->_db->mgCreateIndex
framework,app/classes/core/dbtablemanager_class_inc.php,407,framework-core,application,mdb2_result_or_schema,->mgCreateDatabase(
framework,app/classes/core/dbtablemanager_class_inc.php,407,framework-core,application,raw_connection_member,->_db->mgCreateDatabase
framework,app/classes/core/dbtablemanager_class_inc.php,419,framework-core,application,mdb2_result_or_schema,->mgDropDatabase(
framework,app/classes/core/dbtablemanager_class_inc.php,419,framework-core,application,raw_connection_member,->_db->mgDropDatabase
framework,app/classes/core/dbtablemanager_class_inc.php,430,framework-core,application,mdb2_result_or_schema,->mgListDatabases(
framework,app/classes/core/dbtablemanager_class_inc.php,430,framework-core,application,raw_connection_member,->_db->mgListDatabases
framework,app/classes/core/dbtablemanager_class_inc.php,441,framework-core,application,mdb2_result_or_schema,->mgListUsers(
framework,app/classes/core/dbtablemanager_class_inc.php,441,framework-core,application,raw_connection_member,->_db->mgListUsers
framework,app/classes/core/dbtablemanager_class_inc.php,452,framework-core,application,mdb2_result_or_schema,->mgListViews(
framework,app/classes/core/dbtablemanager_class_inc.php,452,framework-core,application,raw_connection_member,->_db->mgListViews
framework,app/classes/core/dbtablemanager_class_inc.php,463,framework-core,application,mdb2_result_or_schema,->mgListFunctions(
framework,app/classes/core/dbtablemanager_class_inc.php,463,framework-core,application,raw_connection_member,->_db->mgListFunctions
framework,app/classes/core/dbtablemanager_class_inc.php,474,framework-core,application,mdb2_result_or_schema,->mgListTables(
framework,app/classes/core/dbtablemanager_class_inc.php,474,framework-core,application,raw_connection_member,->_db->mgListTables
framework,app/classes/core/dbtablemanager_class_inc.php,486,framework-core,application,mdb2_result_or_schema,->mgListTableFields(
framework,app/classes/core/dbtablemanager_class_inc.php,486,framework-core,application,raw_connection_member,->_db->mgListTableFields
framework,app/classes/core/dbtablemanager_class_inc.php,523,framework-core,application,mdb2_result_or_schema,->mgCreateIndex(
framework,app/classes/core/dbtablemanager_class_inc.php,523,framework-core,application,raw_connection_member,->_db->mgCreateIndex
framework,app/classes/core/dbtablemanager_class_inc.php,536,framework-core,application,mdb2_result_or_schema,->mgDropIndex(
framework,app/classes/core/dbtablemanager_class_inc.php,536,framework-core,application,raw_connection_member,->_db->mgDropIndex
framework,app/classes/core/dbtablemanager_class_inc.php,548,framework-core,application,mdb2_result_or_schema,->mgListTableIndexes(
framework,app/classes/core/dbtablemanager_class_inc.php,548,framework-core,application,raw_connection_member,->_db->mgListTableIndexes
framework,app/classes/core/dbtablemanager_class_inc.php,575,framework-core,application,mdb2_result_or_schema,->mgCreateConstraint(
framework,app/classes/core/dbtablemanager_class_inc.php,575,framework-core,application,raw_connection_member,->_db->mgCreateConstraint
framework,app/classes/core/dbtablemanager_class_inc.php,588,framework-core,application,mdb2_result_or_schema,->mgDropConstraint(
framework,app/classes/core/dbtablemanager_class_inc.php,588,framework-core,application,raw_connection_member,->_db->mgDropConstraint
framework,app/classes/core/dbtablemanager_class_inc.php,600,framework-core,application,mdb2_result_or_schema,->mgListTableConstraints(
framework,app/classes/core/dbtablemanager_class_inc.php,600,framework-core,application,raw_connection_member,->_db->mgListTableConstraints
framework,app/classes/core/dbtablemanager_class_inc.php,613,framework-core,application,mdb2_result_or_schema,->mgCreateSequence(
framework,app/classes/core/dbtablemanager_class_inc.php,613,framework-core,application,raw_connection_member,->_db->mgCreateSequence
framework,app/classes/core/dbtablemanager_class_inc.php,625,framework-core,application,mdb2_result_or_schema,->mgDropSequence(
framework,app/classes/core/dbtablemanager_class_inc.php,625,framework-core,application,raw_connection_member,->_db->mgDropSequence
framework,app/classes/core/dbtablemanager_class_inc.php,636,framework-core,application,mdb2_result_or_schema,->mgListSequences(
framework,app/classes/core/dbtablemanager_class_inc.php,636,framework-core,application,raw_connection_member,->_db->mgListSequences
framework,app/classes/core/dbtablemanager_class_inc.php,648,framework-core,application,raw_connection_member,->_db->disconnect
framework,app/classes/core/dbtablemanager_class_inc.php,659,framework-core,application,raw_connection_member,->_db->setDatabase
framework,app/classes/core/dbtablemanager_class_inc.php,669,framework-core,application,raw_connection_member,->_db->getDatabase
framework,app/classes/core/dbtablemanager_class_inc.php,680,framework-core,application,raw_connection_member,->_db->getServerVersion
framework,app/classes/core/dbtablemanager_class_inc.php,820,framework-core,application,mdb2_result_or_schema,->mgAlterTable(
framework,app/classes/core/dbtablemanager_class_inc.php,820,framework-core,application,raw_connection_member,->_db->mgAlterTable
framework,app/classes/core/dbtablemanager_class_inc.php,823,framework-core,application,pear_error,PEAR::isError
framework,app/classes/core/engine_class_inc.php,552,framework-core,application,connection_access,"getDbObj ("
framework,app/classes/core/engine_class_inc.php,554,framework-core,application,connection_access,"getDbManagementObj ("
framework,app/classes/core/engine_class_inc.php,686,framework-core,application,connection_access,getDbObj(
framework,app/classes/core/engine_class_inc.php,688,framework-core,application,global_connection,$_globalObjDb
framework,app/classes/core/engine_class_inc.php,692,framework-core,application,global_connection,$_globalObjDb
framework,app/classes/core/engine_class_inc.php,703,framework-core,application,mdb2_symbol,MDB2
framework,app/classes/core/engine_class_inc.php,705,framework-core,application,mdb2_symbol,MDB2
framework,app/classes/core/engine_class_inc.php,707,framework-core,application,global_connection,$_globalObjDb
framework,app/classes/core/engine_class_inc.php,707,framework-core,application,mdb2_symbol,MDB2
framework,app/classes/core/engine_class_inc.php,709,framework-core,application,global_connection,$_globalObjDb
framework,app/classes/core/engine_class_inc.php,709,framework-core,application,pear_error,PEAR::isError
framework,app/classes/core/engine_class_inc.php,710,framework-core,application,global_connection,$_globalObjDb
framework,app/classes/core/engine_class_inc.php,712,framework-core,application,global_connection,$_globalObjDb
framework,app/classes/core/engine_class_inc.php,715,framework-core,application,global_connection,$_globalObjDb
framework,app/classes/core/engine_class_inc.php,715,framework-core,application,mdb2_result_or_schema,"->setFetchMode ("
framework,app/classes/core/engine_class_inc.php,715,framework-core,application,mdb2_symbol,MDB2_FETCHMODE_ASSOC
framework,app/classes/core/engine_class_inc.php,717,framework-core,application,global_connection,$_globalObjDb
framework,app/classes/core/engine_class_inc.php,717,framework-core,application,mdb2_result_or_schema,"->setOption ("
framework,app/classes/core/engine_class_inc.php,717,framework-core,application,mdb2_symbol,MDB2_PORTABILITY_FIX_CASE
framework,app/classes/core/engine_class_inc.php,717,framework-core,application,mdb2_symbol,MDB2_PORTABILITY_ALL
framework,app/classes/core/engine_class_inc.php,718,framework-core,application,global_connection,$_globalObjDb
framework,app/classes/core/engine_class_inc.php,718,framework-core,application,mdb2_result_or_schema,"->setOption ("
framework,app/classes/core/engine_class_inc.php,719,framework-core,application,global_connection,$_globalObjDb
framework,app/classes/core/engine_class_inc.php,719,framework-core,application,mdb2_result_or_schema,->setCharset(
framework,app/classes/core/engine_class_inc.php,722,framework-core,application,global_connection,$_globalObjDb
framework,app/classes/core/engine_class_inc.php,722,framework-core,application,pear_error,PEAR::isError
framework,app/classes/core/engine_class_inc.php,727,framework-core,application,global_connection,$_globalObjDb
framework,app/classes/core/engine_class_inc.php,729,framework-core,application,global_connection,$_globalObjDb
framework,app/classes/core/engine_class_inc.php,732,framework-core,application,global_connection,$_globalObjDb
framework,app/classes/core/engine_class_inc.php,732,framework-core,application,mdb2_result_or_schema,"->loadModule ("
framework,app/classes/core/engine_class_inc.php,734,framework-core,application,global_connection,$_globalObjDb
framework,app/classes/core/engine_class_inc.php,737,framework-core,application,mdb2_symbol,MDB2
framework,app/classes/core/engine_class_inc.php,738,framework-core,application,mdb2_symbol,MDB2
framework,app/classes/core/engine_class_inc.php,741,framework-core,application,raw_connection_member,->_objDb->setErrorHandling
framework,app/classes/core/engine_class_inc.php,744,framework-core,application,mdb2_result_or_schema,"->setFetchMode ("
framework,app/classes/core/engine_class_inc.php,744,framework-core,application,mdb2_symbol,MDB2_FETCHMODE_ASSOC
framework,app/classes/core/engine_class_inc.php,744,framework-core,application,raw_connection_member,->_objDb->setFetchMode
framework,app/classes/core/engine_class_inc.php,745,framework-core,application,driver_state,->phptype
framework,app/classes/core/engine_class_inc.php,745,framework-core,application,raw_connection_member,->_objDb->phptype
framework,app/classes/core/engine_class_inc.php,746,framework-core,application,mdb2_result_or_schema,"->setOption ("
framework,app/classes/core/engine_class_inc.php,746,framework-core,application,raw_connection_member,->_objDb->setOption
framework,app/classes/core/engine_class_inc.php,748,framework-core,application,mdb2_result_or_schema,"->setOption ("
framework,app/classes/core/engine_class_inc.php,748,framework-core,application,mdb2_symbol,MDB2_PORTABILITY_NUMROWS
framework,app/classes/core/engine_class_inc.php,748,framework-core,application,mdb2_symbol,MDB2_PORTABILITY_FIX_CASE
framework,app/classes/core/engine_class_inc.php,748,framework-core,application,mdb2_symbol,MDB2_PORTABILITY_RTRIM
framework,app/classes/core/engine_class_inc.php,748,framework-core,application,mdb2_symbol,MDB2_PORTABILITY_ALL
framework,app/classes/core/engine_class_inc.php,748,framework-core,application,raw_connection_member,->_objDb->setOption
framework,app/classes/core/engine_class_inc.php,749,framework-core,application,mdb2_result_or_schema,->setCharset(
framework,app/classes/core/engine_class_inc.php,749,framework-core,application,raw_connection_member,->_objDb->setCharset
framework,app/classes/core/engine_class_inc.php,751,framework-core,application,mdb2_result_or_schema,"->setOption ("
framework,app/classes/core/engine_class_inc.php,751,framework-core,application,mdb2_symbol,MDB2_PORTABILITY_FIX_CASE
framework,app/classes/core/engine_class_inc.php,751,framework-core,application,mdb2_symbol,MDB2_PORTABILITY_ALL
framework,app/classes/core/engine_class_inc.php,751,framework-core,application,raw_connection_member,->_objDb->setOption
framework,app/classes/core/engine_class_inc.php,752,framework-core,application,mdb2_result_or_schema,->setCharset(
framework,app/classes/core/engine_class_inc.php,752,framework-core,application,raw_connection_member,->_objDb->setCharset
framework,app/classes/core/engine_class_inc.php,755,framework-core,application,pdo,PDO
framework,app/classes/core/engine_class_inc.php,757,framework-core,application,pdo,PDO
framework,app/classes/core/engine_class_inc.php,758,framework-core,application,pdo,PDO
framework,app/classes/core/engine_class_inc.php,763,framework-core,application,pdo,PDO
framework,app/classes/core/engine_class_inc.php,763,framework-core,application,pdo,PDO
framework,app/classes/core/engine_class_inc.php,764,framework-core,application,pdo,PDO
framework,app/classes/core/engine_class_inc.php,764,framework-core,application,raw_connection_member,->_objDb->setAttribute
framework,app/classes/core/engine_class_inc.php,765,framework-core,application,pdo,PDO
framework,app/classes/core/engine_class_inc.php,765,framework-core,application,pdo,PDO
framework,app/classes/core/engine_class_inc.php,765,framework-core,application,raw_connection_member,->_objDb->setAttribute
framework,app/classes/core/engine_class_inc.php,766,framework-core,application,pdo,PDO
framework,app/classes/core/engine_class_inc.php,766,framework-core,application,raw_connection_member,->_objDb->setAttribute
framework,app/classes/core/engine_class_inc.php,770,framework-core,application,pdo,PDO
framework,app/classes/core/engine_class_inc.php,770,framework-core,application,pdo,PDO
framework,app/classes/core/engine_class_inc.php,770,framework-core,application,raw_connection_member,->_objDb->setAttribute
framework,app/classes/core/engine_class_inc.php,772,framework-core,application,pdo,PDOException
framework,app/classes/core/engine_class_inc.php,794,framework-core,application,connection_access,getDbManagementObj(
framework,app/classes/core/engine_class_inc.php,796,framework-core,application,global_connection,$_globalObjDbManager
framework,app/classes/core/engine_class_inc.php,801,framework-core,application,global_connection,$_globalObjDbManager
framework,app/classes/core/engine_class_inc.php,812,framework-core,application,global_connection,$_globalObjDbManager
framework,app/classes/core/engine_class_inc.php,812,framework-core,application,pear_error,PEAR::isError
framework,app/classes/core/engine_class_inc.php,818,framework-core,application,global_connection,$_globalObjDbManager
framework,app/classes/core/engine_class_inc.php,820,framework-core,application,global_connection,$_globalObjDbManager
framework,app/classes/core/engine_class_inc.php,823,framework-core,application,global_connection,$_globalObjDbManager
framework,app/classes/core/engine_class_inc.php,927,framework-core,application,mdb2_symbol,MDB2
framework,app/classes/core/engine_class_inc.php,1075,framework-core,application,mdb2_symbol,MDB2
framework,app/classes/core/engine_class_inc.php,2348,framework-core,application,mdb2_symbol,MDB2
framework,app/classes/core/engine_class_inc.php,2349,framework-core,application,raw_connection_member,->_objDb->disconnect
framework,app/classes/core/engine_class_inc.php,2350,framework-core,application,pdo,PDO
framework,app/classes/core/engine_class_inc.php,2357,framework-core,application,mdb2_symbol,MDB2
framework,app/classes/core/engine_class_inc.php,2359,framework-core,application,pdo,PDO
framework,app/classes/core/errorhandler_class_inc.php,81,framework-core,application,pear_error,PEAR_Error
framework,app/classes/core/errorhandler_class_inc.php,82,framework-core,application,pear_error,PEAR::isError
framework,app/core_modules/abuseprotection/classes/abuseprotectionprovider_class_inc.php,21,abuseprotection,application,connection_access,getDbObj(
framework,app/core_modules/abuseprotection/classes/abuseprotectionprovider_class_inc.php,21,abuseprotection,application,native_mdb2_bridge,Mdb2AbuseEventRepository
framework,app/core_modules/abuseprotection/classes/mdb2abuseeventrepository.php,5,abuseprotection,application,native_mdb2_bridge,Mdb2AbuseEventRepository
framework,app/core_modules/abuseprotection/classes/mdb2abuseeventrepository.php,15,abuseprotection,application,mdb2_symbol,MDB2_PREPARE_RESULT
framework,app/core_modules/abuseprotection/classes/mdb2abuseeventrepository.php,17,abuseprotection,application,mdb2_result_or_schema,->fetchRow(
framework,app/core_modules/abuseprotection/classes/mdb2abuseeventrepository.php,17,abuseprotection,application,mdb2_symbol,MDB2_FETCHMODE_ASSOC
framework,app/core_modules/abuseprotection/classes/mdb2abuseeventrepository.php,38,abuseprotection,application,transaction_or_lock,GET_LOCK
framework,app/core_modules/abuseprotection/classes/mdb2abuseeventrepository.php,39,abuseprotection,application,mdb2_symbol,MDB2_PREPARE_RESULT
framework,app/core_modules/abuseprotection/classes/mdb2abuseeventrepository.php,40,abuseprotection,application,mdb2_result_or_schema,->fetchRow(
framework,app/core_modules/abuseprotection/classes/mdb2abuseeventrepository.php,40,abuseprotection,application,mdb2_symbol,MDB2_FETCHMODE_ASSOC
framework,app/core_modules/abuseprotection/classes/mdb2abuseeventrepository.php,48,abuseprotection,application,mdb2_symbol,MDB2_PREPARE_RESULT
framework,app/core_modules/abuseprotection/classes/mdb2abuseeventrepository.php,49,abuseprotection,application,mdb2_result_or_schema,->fetchRow(
framework,app/core_modules/abuseprotection/classes/mdb2abuseeventrepository.php,49,abuseprotection,application,mdb2_symbol,MDB2_FETCHMODE_ASSOC
framework,app/core_modules/abuseprotection/classes/mdb2abuseeventrepository.php,58,abuseprotection,application,transaction_or_lock,RELEASE_LOCK
framework,app/core_modules/abuseprotection/classes/mdb2abuseeventrepository.php,59,abuseprotection,application,mdb2_symbol,MDB2_PREPARE_RESULT
framework,app/core_modules/abuseprotection/classes/mdb2abuseeventrepository.php,72,abuseprotection,application,mdb2_symbol,MDB2_PREPARE_MANIP
framework,app/core_modules/abuseprotection/classes/mdb2abuseeventrepository.php,76,abuseprotection,application,raw_connection_member,->db->prepare
framework,app/core_modules/abuseprotection/classes/mdb2abuseeventrepository.php,77,abuseprotection,application,pear_error,PEAR::isError
framework,app/core_modules/abuseprotection/classes/mdb2abuseeventrepository.php,82,abuseprotection,application,pear_error,PEAR::isError
framework,app/core_modules/ai/classes/aiservice_class_inc.php,16,ai,application,dbtable_subclass,"extends dbTable"
framework,app/core_modules/blocks/classes/dbblocksdata_class_inc.php,18,blocks,application,dbtable_subclass,"extends dbTable"
framework,app/core_modules/blocks/classes/dynamicblocks_class_inc.php,57,blocks,application,dbtable_subclass,"extends dbTable"
framework,app/core_modules/canvas/classes/dbcanvas_class_inc.php,57,canvas,application,dbtable_subclass,"extends dbtable"
framework,app/core_modules/canvas/classes/dbmodblocks_class_inc.php,66,canvas,application,dbtable_subclass,"extends dbtable"
framework,app/core_modules/canvas/classes/dbpageblocks_class_inc.php,66,canvas,application,dbtable_subclass,"extends dbtable"
framework,app/core_modules/canvas/classes/dbuserblocks_class_inc.php,66,canvas,application,dbtable_subclass,"extends dbtable"
framework,app/core_modules/classification/classes/classificationstore_class_inc.php,4,classification,application,dbtable_subclass,"extends dbTable"
framework,app/core_modules/classification/classes/classificationstore_class_inc.php,16,classification,application,connection_access,getDbObj(
framework,app/core_modules/classification/classes/classificationstore_class_inc.php,63,classification,application,transaction_or_lock,savepoint
framework,app/core_modules/classification/classes/classificationstore_class_inc.php,64,classification,application,transaction_or_lock,SAVEPOINT
framework,app/core_modules/classification/classes/classificationstore_class_inc.php,64,classification,application,transaction_or_lock,savepoint
framework,app/core_modules/classification/classes/classificationstore_class_inc.php,69,classification,application,transaction_or_lock,"FOR UPDATE"
framework,app/core_modules/classification/classes/classificationstore_class_inc.php,71,classification,application,transaction_or_lock,SAVEPOINT
framework,app/core_modules/classification/classes/classificationstore_class_inc.php,71,classification,application,transaction_or_lock,savepoint
framework,app/core_modules/classification/classes/classificationstore_class_inc.php,71,classification,application,transaction_or_lock,COMMIT
framework,app/core_modules/classification/classes/classificationstore_class_inc.php,74,classification,application,transaction_or_lock,ROLLBACK
framework,app/core_modules/classification/classes/classificationstore_class_inc.php,74,classification,application,transaction_or_lock,SAVEPOINT
framework,app/core_modules/classification/classes/classificationstore_class_inc.php,74,classification,application,transaction_or_lock,savepoint
framework,app/core_modules/classification/classes/classificationstore_class_inc.php,74,classification,application,transaction_or_lock,ROLLBACK
framework,app/core_modules/classification/tests/database_test.php,48,classification,test-or-operator,transaction_or_lock,rollback
framework,app/core_modules/classification/tests/database_test.php,50,classification,test-or-operator,transaction_or_lock,rollback
framework,app/core_modules/classification/tests/database_test.php,53,classification,test-or-operator,transaction_or_lock,ROLLBACK
framework,app/core_modules/classification/tests/database_test.php,54,classification,test-or-operator,transaction_or_lock,rollback
framework,app/core_modules/communications/classes/communicationattempts_class_inc.php,13,communications,application,dbtable_subclass,"extends dbTable"
framework,app/core_modules/communications/classes/communicationservice_class_inc.php,10,communications,application,dbtable_subclass,"extends dbTable"
framework,app/core_modules/communications/classes/communicationworker_class_inc.php,10,communications,application,dbtable_subclass,"extends dbTable"
framework,app/core_modules/config/classes/altconfig_class_inc.php,1105,config,application,mdb2_symbol,MDB2
framework,app/core_modules/config/classes/altconfig_class_inc.php,1107,config,application,mdb2_symbol,MDB2
framework,app/core_modules/context/classes/dbcontentnodes_class_inc.php,58,context,application,dbtable_subclass,"extends dbtable"
framework,app/core_modules/context/classes/dbcontext_class_inc.php,60,context,application,dbtable_subclass,"extends dbTable"
framework,app/core_modules/context/classes/dbcontext_class_inc.php,195,context,application,transaction_or_lock,beginTransaction
framework,app/core_modules/context/classes/dbcontext_learneroutcomes_class_inc.php,12,context,application,dbtable_subclass,"extends dbTable"
framework,app/core_modules/context/classes/dbcontextblocks_class_inc.php,60,context,application,dbtable_subclass,"extends dbTable"
framework,app/core_modules/context/classes/dbcontextmodules_class_inc.php,59,context,application,dbtable_subclass,"extends dbTable"
framework,app/core_modules/context/classes/dbcontextparams_class_inc.php,59,context,application,dbtable_subclass,"extends dbTable"
framework,app/core_modules/context/classes/dbcontextparentnodes_class_inc.php,59,context,application,dbtable_subclass,"extends dbTable"
framework,app/core_modules/context/classes/dbcoursemarketing_class_inc.php,4,context,application,dbtable_subclass,"extends dbTable"
framework,app/core_modules/context/classes/dbfile_class_inc.php,59,context,application,dbtable_subclass,"extends dbTable"
framework,app/core_modules/context/classes/dbfiledata_class_inc.php,59,context,application,dbtable_subclass,"extends dbTable"
framework,app/core_modules/context/classes/dbnotes_class_inc.php,57,context,application,dbtable_subclass,"extends dbTable"
framework,app/core_modules/context/classes/dbpagecontent_class_inc.php,59,context,application,dbtable_subclass,"extends dbTable"
framework,app/core_modules/context/classes/dbparentnodes_class_inc.php,59,context,application,dbtable_subclass,"extends dbTable"
framework,app/core_modules/context/classes/dbuseractivity_class_inc.php,6,context,application,dbtable_subclass,"extends dbtable"
framework,app/core_modules/context/classes/newestops_class_inc.php,146,context,application,raw_connection_member,->objDb->getArrayOfOpenContexts
framework,app/core_modules/context/classes/newestops_class_inc.php,149,context,application,raw_connection_member,->objDb->getArrayOfPublicContexts
framework,app/core_modules/context/classes/newestops_class_inc.php,152,context,application,raw_connection_member,->objDb->getArrayOfPrivateContexts
framework,app/core_modules/context/classes/newestops_class_inc.php,155,context,application,raw_connection_member,->objDb->getArrayOfMostRecentlyActiveContexts
framework,app/core_modules/context/classes/newestops_class_inc.php,159,context,application,raw_connection_member,->objDb->getArrayOfMostActiveContexts
framework,app/core_modules/contextadmin/classes/coursecreationservice_class_inc.php,70,contextadmin,application,transaction_or_lock,beginTransaction
framework,app/core_modules/contextgroups/classes/contextusers_class_inc.php,53,contextgroups,application,dbtable_subclass,"extends dbTable"
framework,app/core_modules/contextgroups/classes/onlinecount_class_inc.php,67,contextgroups,application,dbtable_subclass,"extends dbTable"
framework,app/core_modules/cpd/classes/cpdcategories_class_inc.php,4,cpd,application,dbtable_subclass,"extends dbTable"
framework,app/core_modules/cpd/classes/cpdledger_class_inc.php,4,cpd,application,dbtable_subclass,"extends dbTable"
framework,app/core_modules/cpd/classes/cpdrecognitions_class_inc.php,4,cpd,application,dbtable_subclass,"extends dbTable"
framework,app/core_modules/cpd/classes/cpdschemes_class_inc.php,4,cpd,application,dbtable_subclass,"extends dbTable"
framework,app/core_modules/creativecommons/classes/dbcreativecommons_class_inc.php,48,creativecommons,application,dbtable_subclass,"extends dbTable"
framework,app/core_modules/decisiontable/classes/dbactionrule_class_inc.php,57,decisiontable,application,dbtable_subclass,"extends dbTable"
framework,app/core_modules/decisiontable/classes/dbdecisiontableaction_class_inc.php,57,decisiontable,application,dbtable_subclass,"extends dbTable"
framework,app/core_modules/decisiontable/classes/dbdecisiontablerule_class_inc.php,58,decisiontable,application,dbtable_subclass,"extends dbTable"
framework,app/core_modules/decisiontable/classes/dbrulecondition_class_inc.php,57,decisiontable,application,dbtable_subclass,"extends dbTable"
framework,app/core_modules/decisiontable/classes/decisiontable_class_inc.php,59,decisiontable,application,dbtable_subclass,"extends dbTable"
framework,app/core_modules/decisiontable/classes/decisiontablebase_class_inc.php,57,decisiontable,application,dbtable_subclass,"extends dbTable"
framework,app/core_modules/filemanager/classes/dbfile_class_inc.php,48,filemanager,application,dbtable_subclass,"extends dbTable"
framework,app/core_modules/filemanager/classes/dbfiletags_class_inc.php,48,filemanager,application,dbtable_subclass,"extends dbTable"
framework,app/core_modules/filemanager/classes/dbfolder_class_inc.php,47,filemanager,application,dbtable_subclass,"extends dbTable"
framework,app/core_modules/filemanager/classes/dbmediafileinfo_class_inc.php,49,filemanager,application,dbtable_subclass,"extends dbTable"
framework,app/core_modules/filemanager/classes/dbmetadatascripts_class_inc.php,49,filemanager,application,dbtable_subclass,"extends dbTable"
framework,app/core_modules/filemanager/classes/dbquotas_class_inc.php,58,filemanager,application,dbtable_subclass,"extends dbTable"
framework,app/core_modules/filemanager/classes/dbsymlinks_class_inc.php,51,filemanager,application,dbtable_subclass,"extends dbTable"
framework,app/core_modules/filemanager/classes/filemanagerobject_class_inc.php,47,filemanager,application,dbtable_subclass,"extends dbTable"
framework,app/core_modules/filemanager/classes/registerfileusage_class_inc.php,45,filemanager,application,dbtable_subclass,"extends dbTable"
framework,app/core_modules/groupadmin/classes/gamodel_class_inc.php__OBSOLETE.php,86,groupadmin,application,dbtable_subclass,"extends dbTable"
framework,app/core_modules/groupadmin/classes/groupadminmodel_class_inc.php,86,groupadmin,application,dbtable_subclass,"extends dbTable"
framework,app/core_modules/groupadmin/classes/groupmembershipdb_class_inc.php,6,groupadmin,application,dbtable_subclass,"extends dbTable"
framework,app/core_modules/groupadmin/classes/groupservice_class_inc.php,319,groupadmin,application,transaction_or_lock,beginTransaction
framework,app/core_modules/groupadmin/classes/groupservice_class_inc.php,372,groupadmin,application,transaction_or_lock,beginTransaction
framework,app/core_modules/groupadmin/classes/groupservice_class_inc.php,443,groupadmin,application,transaction_or_lock,beginTransaction
framework,app/core_modules/groupadmin/classes/groupservice_class_inc.php,1477,groupadmin,application,transaction_or_lock,beginTransaction
framework,app/core_modules/groupadmin/classes/groupusersdb_class_inc.php,65,groupadmin,application,dbtable_subclass,"extends dbTable"
framework,app/core_modules/groupadmin/classes/usersdb_class_inc.php,57,groupadmin,application,dbtable_subclass,"extends dbTable"
framework,app/core_modules/groupadmin/patches/installscripts_class_inc.php,2,groupadmin,application,dbtable_subclass,"extends dbTable"
framework,app/core_modules/language/classes/dblanguage_available_class_inc.php,8,language,application,dbtable_subclass,"extends dbtable"
framework,app/core_modules/language/classes/language_class_inc.php,52,language,application,dbtable_subclass,"extends dbTable"
framework,app/core_modules/language/classes/translationstore_class_inc.php,10,language,application,connection_access,getDbObj(
framework,app/core_modules/language/classes/translationstore_class_inc.php,14,language,application,pear_error,PEAR::isError
framework,app/core_modules/language/classes/translationstore_class_inc.php,23,language,application,raw_connection_member,->db->quote
framework,app/core_modules/language/classes/translationstore_class_inc.php,28,language,application,mdb2_result_or_schema,->quoteIdentifier(
framework,app/core_modules/language/classes/translationstore_class_inc.php,28,language,application,raw_connection_member,->db->quoteIdentifier
framework,app/core_modules/language/classes/translationstore_class_inc.php,39,language,application,raw_connection_member,->db->query
framework,app/core_modules/language/classes/translationstore_class_inc.php,40,language,application,mdb2_result_or_schema,->fetchRow(
framework,app/core_modules/language/classes/translationstore_class_inc.php,40,language,application,mdb2_symbol,MDB2_FETCHMODE_ASSOC
framework,app/core_modules/language/classes/translationstore_class_inc.php,88,language,application,driver_state,->in_transaction
framework,app/core_modules/language/classes/translationstore_class_inc.php,88,language,application,raw_connection_member,->db->in_transaction
framework,app/core_modules/language/classes/translationstore_class_inc.php,89,language,application,raw_connection_member,->db->beginTransaction
framework,app/core_modules/language/classes/translationstore_class_inc.php,89,language,application,transaction_or_lock,beginTransaction
framework,app/core_modules/language/classes/translationstore_class_inc.php,95,language,application,raw_connection_member,->db->exec
framework,app/core_modules/language/classes/translationstore_class_inc.php,97,language,application,raw_connection_member,->db->exec
framework,app/core_modules/language/classes/translationstore_class_inc.php,100,language,application,raw_connection_member,->db->commit
framework,app/core_modules/language/classes/translationstore_class_inc.php,100,language,application,transaction_or_lock,commit
framework,app/core_modules/language/classes/translationstore_class_inc.php,101,language,application,raw_connection_member,->db->rollback
framework,app/core_modules/language/classes/translationstore_class_inc.php,101,language,application,transaction_or_lock,rollback
framework,app/core_modules/language/classes/translationstore_class_inc.php,124,language,application,mdb2_result_or_schema,->loadModule(
framework,app/core_modules/language/classes/translationstore_class_inc.php,124,language,application,raw_connection_member,->db->loadModule
framework,app/core_modules/language/classes/translationstore_class_inc.php,125,language,application,driver_state,->manager
framework,app/core_modules/language/classes/translationstore_class_inc.php,125,language,application,raw_connection_member,->db->manager
framework,app/core_modules/language/classes/translationstore_class_inc.php,127,language,application,driver_state,->manager
framework,app/core_modules/language/classes/translationstore_class_inc.php,127,language,application,raw_connection_member,->db->manager
framework,app/core_modules/language/classes/translationstore_class_inc.php,134,language,application,driver_state,->manager
framework,app/core_modules/language/classes/translationstore_class_inc.php,134,language,application,raw_connection_member,->db->manager
framework,app/core_modules/language/classes/translationstore_class_inc.php,139,language,application,raw_connection_member,->db->exec
framework,app/core_modules/language/classes/translationstore_class_inc.php,163,language,application,raw_connection_member,->db->exec
framework,app/core_modules/language/classes/translationstore_class_inc.php,176,language,application,mdb2_result_or_schema,->loadModule(
framework,app/core_modules/language/classes/translationstore_class_inc.php,176,language,application,raw_connection_member,->db->loadModule
framework,app/core_modules/language/classes/translationstore_class_inc.php,177,language,application,driver_state,->manager
framework,app/core_modules/language/classes/translationstore_class_inc.php,177,language,application,raw_connection_member,->db->manager
framework,app/core_modules/language/classes/translationstore_class_inc.php,179,language,application,raw_connection_member,->db->exec
framework,app/core_modules/language/classes/translationstore_class_inc.php,188,language,application,driver_state,->in_transaction
framework,app/core_modules/language/classes/translationstore_class_inc.php,188,language,application,raw_connection_member,->db->in_transaction
framework,app/core_modules/language/classes/translationstore_class_inc.php,189,language,application,driver_state,->phptype
framework,app/core_modules/language/classes/translationstore_class_inc.php,189,language,application,raw_connection_member,->db->phptype
framework,app/core_modules/language/classes/translationstore_class_inc.php,191,language,application,transaction_or_lock,GET_LOCK
framework,app/core_modules/language/classes/translationstore_class_inc.php,197,language,application,transaction_or_lock,RELEASE_LOCK
framework,app/core_modules/logger/classes/logactivity_class_inc.php,21,logger,application,dbtable_subclass,"extends dbTable"
framework,app/core_modules/logger/classes/logshow_class_inc.php,20,logger,application,dbtable_subclass,"extends dbTable"
framework,app/core_modules/login/classes/dbnonce_class_inc.php,57,login,application,dbtable_subclass,"extends dbtable"
framework,app/core_modules/login/classes/nonce_class_inc.php,92,login,application,raw_connection_member,->objDb->storeNonce
framework,app/core_modules/login/classes/nonce_class_inc.php,113,login,application,raw_connection_member,->objDb->getTries
framework,app/core_modules/login/classes/nonce_class_inc.php,135,login,application,raw_connection_member,->objDb->checkEnabledBySession
framework,app/core_modules/login/classes/nonce_class_inc.php,148,login,application,raw_connection_member,->objDb->disableNonce
framework,app/core_modules/login/classes/nonce_class_inc.php,177,login,application,raw_connection_member,->objDb->deleteNonce
framework,app/core_modules/mail/classes/mailer_class_inc.php,222,mail,application,pear_error,PEAR::isError
framework,app/core_modules/modulecatalogue/classes/dbmoduleblocks_class_inc.php,63,modulecatalogue,application,dbtable_subclass,"extends dbTable"
framework,app/core_modules/modulecatalogue/classes/modules_class_inc.php,68,modulecatalogue,application,dbtable_subclass,"extends dbTable"
framework,app/core_modules/modulecatalogue/classes/modulesadmin_class_inc.php,58,modulecatalogue,application,schema_subclass,"extends dbTableManager"
framework,app/core_modules/modulecatalogue/classes/patch_class_inc.php,30,modulecatalogue,application,dbtable_subclass,"extends dbtable"
framework,app/core_modules/modulecatalogue/classes/patch_class_inc.php,329,modulecatalogue,application,pear_error,PEAR::isError
framework,app/core_modules/modulecatalogue/classes/pofile_class_inc.php,39,modulecatalogue,application,dbtable_subclass,"extends dbTable"
framework,app/core_modules/modulecatalogue/classes/pofile_class_inc.php,340,modulecatalogue,application,mdb2_result_or_schema,->fetchRow(
framework,app/core_modules/modulecatalogue/classes/tableinfo_class_inc.php,43,modulecatalogue,application,dbtable_subclass,"extends dbtable"
framework,app/core_modules/modulecatalogue/tests/delete_rows_patch_contract_test.php,9,modulecatalogue,test-or-operator,pear_error,PEAR::isError
framework,app/core_modules/permissions/classes/acl_descriptiondb_class_inc.php,20,permissions,application,dbtable_subclass,"extends dbTable"
framework,app/core_modules/permissions/classes/permissions_acl_class_inc.php,32,permissions,application,dbtable_subclass,"extends dbTable"
framework,app/core_modules/permissions/classes/permissions_acl_class_inc.php,262,permissions,application,connection_access,getDbObj(
framework,app/core_modules/permissions/classes/permissions_model_class_inc.php,23,permissions,application,dbtable_subclass,"extends dbTable"
framework,app/core_modules/permissions/tests/native_acl_database_smoke_test.php,64,permissions,test-or-operator,connection_access,getDbObj(
framework,app/core_modules/permissions/tests/native_acl_database_smoke_test.php,176,permissions,test-or-operator,transaction_or_lock,Rollback
framework,app/core_modules/permissions/tests/native_acl_database_smoke_test.php,233,permissions,test-or-operator,transaction_or_lock,rollback
framework,app/core_modules/permissions/tests/native_acl_database_smoke_test.php,246,permissions,test-or-operator,transaction_or_lock,rollback
framework,app/core_modules/permissions/tests/native_acl_database_smoke_test.php,249,permissions,test-or-operator,transaction_or_lock,rollback
framework,app/core_modules/prelogin/classes/preloginblocks_class_inc.php,16,prelogin,application,dbtable_subclass,"extends dbTable"
framework,app/core_modules/security/classes/abauth_class_inc.php,29,security,application,dbtable_subclass,"extends dbtable"
framework,app/core_modules/security/classes/accountcredentialservice_class_inc.php,7,security,application,dbtable_subclass,"extends dbTable"
framework,app/core_modules/security/classes/accountcredentialservice_class_inc.php,32,security,application,transaction_or_lock,beginTransaction
framework,app/core_modules/security/classes/auth_database_class_inc.php,99,security,application,native_mdb2_bridge,Mdb2NativeDatabaseAdapter
framework,app/core_modules/security/classes/auth_database_class_inc.php,100,security,application,connection_access,getDbObj(
framework,app/core_modules/security/classes/identityservice_class_inc.php,9,security,application,dbtable_subclass,"extends dbTable"
framework,app/core_modules/security/classes/loggedinusers_class_inc.php,44,security,application,dbtable_subclass,"extends dbTable"
framework,app/core_modules/security/classes/nativeauth/mdb2mfarepository.php,10,security,application,native_mdb2_bridge,Mdb2MfaRepository
framework,app/core_modules/security/classes/nativeauth/mdb2mfarepository.php,95,security,application,raw_connection_member,->db->beginTransaction
framework,app/core_modules/security/classes/nativeauth/mdb2mfarepository.php,95,security,application,transaction_or_lock,beginTransaction
framework,app/core_modules/security/classes/nativeauth/mdb2mfarepository.php,125,security,application,raw_connection_member,->db->commit
framework,app/core_modules/security/classes/nativeauth/mdb2mfarepository.php,125,security,application,transaction_or_lock,commit
framework,app/core_modules/security/classes/nativeauth/mdb2mfarepository.php,128,security,application,raw_connection_member,->db->rollback
framework,app/core_modules/security/classes/nativeauth/mdb2mfarepository.php,128,security,application,transaction_or_lock,rollback
framework,app/core_modules/security/classes/nativeauth/mdb2mfarepository.php,158,security,application,raw_connection_member,->db->beginTransaction
framework,app/core_modules/security/classes/nativeauth/mdb2mfarepository.php,158,security,application,transaction_or_lock,beginTransaction
framework,app/core_modules/security/classes/nativeauth/mdb2mfarepository.php,162,security,application,transaction_or_lock,"FOR UPDATE"
framework,app/core_modules/security/classes/nativeauth/mdb2mfarepository.php,173,security,application,raw_connection_member,->db->commit
framework,app/core_modules/security/classes/nativeauth/mdb2mfarepository.php,173,security,application,transaction_or_lock,commit
framework,app/core_modules/security/classes/nativeauth/mdb2mfarepository.php,177,security,application,raw_connection_member,->db->rollback
framework,app/core_modules/security/classes/nativeauth/mdb2mfarepository.php,177,security,application,transaction_or_lock,rollback
framework,app/core_modules/security/classes/nativeauth/mdb2mfarepository.php,180,security,application,raw_connection_member,->db->rollback
framework,app/core_modules/security/classes/nativeauth/mdb2mfarepository.php,180,security,application,transaction_or_lock,rollback
framework,app/core_modules/security/classes/nativeauth/mdb2mfarepository.php,187,security,application,raw_connection_member,->db->prepare
framework,app/core_modules/security/classes/nativeauth/mdb2mfarepository.php,190,security,application,pear_error,PEAR::isError
framework,app/core_modules/security/classes/nativeauth/mdb2mfarepository.php,195,security,application,mdb2_symbol,MDB2_PREPARE_RESULT
framework,app/core_modules/security/classes/nativeauth/mdb2mfarepository.php,196,security,application,mdb2_result_or_schema,->fetchRow(
framework,app/core_modules/security/classes/nativeauth/mdb2mfarepository.php,196,security,application,mdb2_symbol,MDB2_FETCHMODE_ASSOC
framework,app/core_modules/security/classes/nativeauth/mdb2mfarepository.php,201,security,application,mdb2_symbol,MDB2_PREPARE_RESULT
framework,app/core_modules/security/classes/nativeauth/mdb2mfarepository.php,202,security,application,mdb2_symbol,MDB2_FETCHMODE_ASSOC
framework,app/core_modules/security/classes/nativeauth/mdb2mfarepository.php,207,security,application,mdb2_symbol,MDB2_PREPARE_MANIP
framework,app/core_modules/security/classes/nativeauth/mdb2nativedatabaseadapter.php,10,security,application,native_mdb2_bridge,Mdb2NativeDatabaseAdapter
framework,app/core_modules/security/classes/nativeauth/mdb2nativedatabaseadapter.php,19,security,application,mdb2_symbol,MDB2
framework,app/core_modules/security/classes/nativeauth/mdb2nativedatabaseadapter.php,33,security,application,mdb2_symbol,MDB2
framework,app/core_modules/security/classes/nativeauth/mdb2nativedatabaseadapter.php,37,security,application,mdb2_result_or_schema,->fetchRow(
framework,app/core_modules/security/classes/nativeauth/mdb2nativedatabaseadapter.php,47,security,application,mdb2_symbol,MDB2
framework,app/core_modules/security/classes/nativeauth/mdb2nativedatabaseadapter.php,61,security,application,mdb2_symbol,MDB2
framework,app/core_modules/security/classes/nativeauth/mdb2nativedatabaseadapter.php,75,security,application,mdb2_symbol,MDB2
framework,app/core_modules/security/classes/nativeauth/mdb2nativedatabaseadapter.php,95,security,application,mdb2_symbol,MDB2
framework,app/core_modules/security/classes/nativeauth/mdb2nativedatabaseadapter.php,129,security,application,raw_connection_member,->connection->prepare
framework,app/core_modules/security/classes/nativeauth/mdb2nativedatabaseadapter.php,135,security,application,mdb2_symbol,MDB2
framework,app/core_modules/security/classes/nativeauth/mdb2nativedatabaseadapter.php,150,security,application,mdb2_symbol,MDB2
framework,app/core_modules/security/classes/nativeauth/mdb2nativedatabaseadapter.php,159,security,application,pear_error,PEAR::isError
framework,app/core_modules/security/classes/nativeauth/mdb2nativedatabaseadapter.php,163,security,application,pear_error,PEAR_Error
framework,app/core_modules/security/classes/nativeauth/mdb2nativedatabaseadapter.php,182,security,application,mdb2_symbol,MDB2_PREPARE_RESULT
framework,app/core_modules/security/classes/nativeauth/mdb2nativedatabaseadapter.php,183,security,application,mdb2_symbol,MDB2_PREPARE_RESULT
framework,app/core_modules/security/classes/nativeauth/mdb2nativedatabaseadapter.php,189,security,application,mdb2_symbol,MDB2_PREPARE_MANIP
framework,app/core_modules/security/classes/nativeauth/mdb2nativedatabaseadapter.php,190,security,application,mdb2_symbol,MDB2_PREPARE_MANIP
framework,app/core_modules/security/classes/nativeauth/mdb2nativedatabaseadapter.php,196,security,application,mdb2_symbol,MDB2_FETCHMODE_ASSOC
framework,app/core_modules/security/classes/nativeauth/mdb2nativedatabaseadapter.php,197,security,application,mdb2_symbol,MDB2_FETCHMODE_ASSOC
framework,app/core_modules/security/classes/nativeauth/mdb2persistentloginrepository.php,12,security,application,native_mdb2_bridge,Mdb2PersistentLoginRepository
framework,app/core_modules/security/classes/nativeauth/mdb2persistentloginrepository.php,49,security,application,transaction_or_lock,"FOR UPDATE"
framework,app/core_modules/security/classes/nativeauth/mdb2persistentloginrepository.php,53,security,application,transaction_or_lock,rollback
framework,app/core_modules/security/classes/nativeauth/mdb2persistentloginrepository.php,68,security,application,transaction_or_lock,commit
framework,app/core_modules/security/classes/nativeauth/mdb2persistentloginrepository.php,71,security,application,transaction_or_lock,rollback
framework,app/core_modules/security/classes/nativeauth/mdb2persistentloginrepository.php,104,security,application,mdb2_symbol,MDB2_PREPARE_RESULT
framework,app/core_modules/security/classes/nativeauth/mdb2persistentloginrepository.php,104,security,application,raw_connection_member,->db->prepare
framework,app/core_modules/security/classes/nativeauth/mdb2persistentloginrepository.php,106,security,application,mdb2_result_or_schema,->fetchRow(
framework,app/core_modules/security/classes/nativeauth/mdb2persistentloginrepository.php,106,security,application,mdb2_symbol,MDB2_FETCHMODE_ASSOC
framework,app/core_modules/security/classes/nativeauth/mdb2persistentloginrepository.php,114,security,application,mdb2_symbol,MDB2_PREPARE_MANIP
framework,app/core_modules/security/classes/nativeauth/mdb2persistentloginrepository.php,114,security,application,raw_connection_member,->db->prepare
framework,app/core_modules/security/classes/nativeauth/mdb2persistentloginrepository.php,117,security,application,pear_error,PEAR::isError
framework,app/core_modules/security/classes/nativeauth/mdb2persistentloginrepository.php,123,security,application,raw_connection_member,->db->beginTransaction
framework,app/core_modules/security/classes/nativeauth/mdb2persistentloginrepository.php,123,security,application,transaction_or_lock,beginTransaction
framework,app/core_modules/security/classes/nativeauth/mdb2persistentloginrepository.php,124,security,application,raw_connection_member,->db->commit
framework,app/core_modules/security/classes/nativeauth/mdb2persistentloginrepository.php,124,security,application,transaction_or_lock,commit
framework,app/core_modules/security/classes/nativeauth/mdb2persistentloginrepository.php,124,security,application,transaction_or_lock,commit
framework,app/core_modules/security/classes/nativeauth/mdb2persistentloginrepository.php,125,security,application,raw_connection_member,->db->rollback
framework,app/core_modules/security/classes/nativeauth/mdb2persistentloginrepository.php,125,security,application,transaction_or_lock,rollback
framework,app/core_modules/security/classes/nativeauth/mdb2persistentloginrepository.php,125,security,application,transaction_or_lock,rollback
framework,app/core_modules/security/classes/nativeauth/nativeauthwebcompositionfactory.php,78,security,application,native_mdb2_bridge,Mdb2MfaRepository
framework,app/core_modules/security/classes/nativeauth/nativeauthwebcompositionfactory.php,85,security,application,native_mdb2_bridge,Mdb2PersistentLoginRepository
framework,app/core_modules/security/classes/nativeauth/nativeauthwebcompositionfactory.php,128,security,application,native_mdb2_bridge,Mdb2AbuseEventRepository
framework,app/core_modules/security/classes/nativeauthwebcomposition_class_inc.php,38,security,application,connection_access,getDbObj(
framework,app/core_modules/security/classes/permissionservice_class_inc.php,15,security,application,dbtable_subclass,"extends dbTable"
framework,app/core_modules/security/classes/permissionservice_class_inc.php,266,security,application,transaction_or_lock,beginTransaction
framework,app/core_modules/security/classes/sqlusers_class_inc.php,40,security,application,dbtable_subclass,"extends dbtable"
framework,app/core_modules/security/classes/user_class_inc.php,47,security,application,dbtable_subclass,"extends dbTable"
framework,app/core_modules/security/classes/useraccountlifecycleservice_class_inc.php,19,security,application,dbtable_subclass,"extends dbTable"
framework,app/core_modules/security/classes/useractivity_class_inc.php,14,security,application,dbtable_subclass,"extends dbtable"
framework,app/core_modules/security/classes/useradmin_model2_class_inc.php,47,security,application,dbtable_subclass,"extends dbtable"
framework,app/core_modules/security/classes/useradmin_model_class_inc.php,40,security,application,dbtable_subclass,"extends dbtable"
framework,app/core_modules/security/classes/userloginhistory_class_inc.php,43,security,application,dbtable_subclass,"extends dbTable"
framework,app/core_modules/security/classes/userservice_class_inc.php,19,security,application,dbtable_subclass,"extends dbTable"
framework,app/core_modules/security/tests/auth_integration_v14_test.php,17,security,test-or-operator,transaction_or_lock,"FOR UPDATE"
framework,app/core_modules/security/tests/auth_integration_v14_test.php,17,security,test-or-operator,transaction_or_lock,beginTransaction
framework,app/core_modules/security/tests/auth_integration_v14_test.php,22,security,test-or-operator,transaction_or_lock,"FOR UPDATE"
framework,app/core_modules/security/tests/registration_service_provisioning_contract_test.php,11,security,test-or-operator,transaction_or_lock,rollback
framework,app/core_modules/skin/classes/dbloggedinusers_class_inc.php,13,skin,application,dbtable_subclass,"extends dbTable"
framework,app/core_modules/stories/classes/dbstories_class_inc.php,7,stories,application,dbtable_subclass,"extends dbTable"
framework,app/core_modules/stories/classes/sitestories_class_inc.php,11,stories,application,dbtable_subclass,"extends dbTable"
framework,app/core_modules/storycategoryadmin/classes/dbstorycategory_class_inc.php,13,storycategoryadmin,application,dbtable_subclass,"extends dbTable"
framework,app/core_modules/sysconfig/classes/dbsysconfig_class_inc.php,10,sysconfig,application,dbtable_subclass,"extends dbTable"
framework,app/core_modules/systext/classes/dbabstract_class_inc.php,14,systext,application,dbtable_subclass,"extends dbTable"
framework,app/core_modules/systext/classes/dbsystem_class_inc.php,14,systext,application,dbtable_subclass,"extends dbTable"
framework,app/core_modules/systext/classes/dbtext_class_inc.php,14,systext,application,dbtable_subclass,"extends dbTable"
framework,app/core_modules/systext/classes/systext_facet_class_inc.php,21,systext,application,dbtable_subclass,"extends dbTable"
framework,app/core_modules/systext/patches/installscripts_class_inc.php,62,systext,application,dbtable_subclass,"extends dbtable"
framework,app/core_modules/tagging/classes/dbtags_class_inc.php,23,tagging,application,dbtable_subclass,"extends dbTable"
framework,app/core_modules/toolbar/classes/dbmenu_class_inc.php,16,toolbar,application,dbtable_subclass,"extends dbtable"
framework,app/core_modules/toolbar/classes/dbmenu_class_inc.php,29,toolbar,application,connection_access,getDbObj(
framework,app/core_modules/toolbar/classes/dbmenu_class_inc.php,172,toolbar,application,raw_connection_member,->_db->quote
framework,app/core_modules/toolbar/tests/hyphenated_service_module_contract_test.php,5,toolbar,test-or-operator,connection_access,getDbObj(
framework,app/core_modules/toolbar/tests/shop_account_navigation_test.php,11,toolbar,test-or-operator,driver_state,->manager
framework,app/core_modules/toolbar/tests/shop_account_navigation_test.php,20,toolbar,test-or-operator,driver_state,->manager
framework,app/core_modules/userdetails/classes/dbauthorbiographies_class_inc.php,4,userdetails,application,dbtable_subclass,"extends dbTable"
framework,app/core_modules/utilities/classes/dbeditlock_class_inc.php,30,utilities,application,dbtable_subclass,"extends dbTable"
framework,app/core_modules/utilities/classes/serializevars_class_inc.php,62,utilities,application,dbtable_subclass,"extends dbtable"
framework,app/installer/dbhandlers/dbhandler.inc,90,installer,application,global_connection,$_globalObjDb
framework,app/installer/dbhandlers/dbhandler.inc,92,installer,application,global_connection,$_globalObjDbManager
framework,app/installer/dbhandlers/dbhandler.inc,102,installer,application,mdb2_symbol,MDB2
framework,app/installer/dbhandlers/dbhandler.inc,104,installer,application,mdb2_symbol,MDB2
framework,app/installer/dbhandlers/dbhandler.inc,110,installer,application,mdb2_symbol,MDB2
framework,app/installer/dbhandlers/dbhandler.inc,114,installer,application,pear_error,PEAR::isError
framework,app/installer/dbhandlers/dbhandler.inc,119,installer,application,mdb2_result_or_schema,->setCharset(
framework,app/installer/dbhandlers/dbhandler.inc,120,installer,application,mdb2_result_or_schema,->setOption(
framework,app/installer/dbhandlers/dbhandler.inc,120,installer,application,mdb2_symbol,MDB2_PORTABILITY_FIX_CASE
framework,app/installer/dbhandlers/dbhandler.inc,121,installer,application,mdb2_result_or_schema,->setCharset(
framework,app/installer/dbhandlers/dbhandler.inc,123,installer,application,mdb2_symbol,MDB2
framework,app/installer/dbhandlers/dbhandler.inc,124,installer,application,mdb2_symbol,MDB2
framework,app/installer/dbhandlers/dbhandler.inc,130,installer,application,mdb2_result_or_schema,->setFetchMode(
framework,app/installer/dbhandlers/dbhandler.inc,130,installer,application,mdb2_symbol,MDB2_FETCHMODE_ASSOC
framework,app/installer/dbhandlers/dbhandler.inc,131,installer,application,mdb2_result_or_schema,->setOption(
framework,app/installer/dbhandlers/dbhandler.inc,131,installer,application,mdb2_symbol,MDB2_PORTABILITY_FIX_CASE
framework,app/installer/dbhandlers/dbhandler.inc,132,installer,application,mdb2_result_or_schema,->setOption(
framework,app/installer/dbhandlers/dbhandler.inc,132,installer,application,mdb2_symbol,MDB2_PORTABILITY_ALL
framework,app/installer/dbhandlers/dbhandler.inc,135,installer,application,mdb2_symbol,MDB2
framework,app/installer/dbhandlers/dbhandler.inc,137,installer,application,mdb2_symbol,MDB2
framework,app/installer/dbhandlers/dbhandler.inc,141,installer,application,mdb2_symbol,MDB2_Schema
framework,app/installer/dbhandlers/dbhandler.inc,143,installer,application,pear_error,PEAR::isError
framework,app/installer/dbhandlers/dbhandler.inc,206,installer,application,pear_error,PEAR::isError
framework,app/installer/dbhandlers/dbhandler.inc,227,installer,application,mdb2_symbol,MDB2_Schema
framework,app/installer/dbhandlers/dbhandler.inc,229,installer,application,raw_connection_member,->db->CreateDatabase
framework,app/installer/dbhandlers/dbhandler.inc,231,installer,application,pear_error,PEAR::isError
framework,app/installer/dbhandlers/dbhandler.inc,232,installer,application,raw_connection_member,->db->DropDatabase
framework,app/installer/dbhandlers/dbhandler.inc,234,installer,application,raw_connection_member,->db->CreateDatabase
framework,app/installer/dbhandlers/dbhandler.inc,262,installer,application,driver_state,->phptype
framework,app/installer/dbhandlers/dbhandler.inc,262,installer,application,driver_state,->phptype
framework,app/installer/dbhandlers/dbhandler.inc,264,installer,application,mdb2_result_or_schema,->setOption(
framework,app/installer/dbhandlers/dbhandler.inc,296,installer,application,pear_error,PEAR::isError
framework,app/installer/dbhandlers/dbhandler.inc,363,installer,application,mdb2_symbol,MDB2
framework,app/installer/dbhandlers/dbhandler.inc,364,installer,application,mdb2_result_or_schema,->setCharset(
framework,app/installer/dbhandlers/dbhandler.inc,365,installer,application,pear_error,PEAR::isError
framework,app/installer/dbhandlers/dbhandler.inc,373,installer,application,mdb2_symbol,MDB2
framework,app/installer/dbhandlers/dbhandler.inc,418,installer,application,mdb2_symbol,MDB2_Schema
framework,app/installer/dbhandlers/dbhandler.inc,420,installer,application,pear_error,PEAR::isError
framework,app/installer/dbhandlers/dbhandler.inc,482,installer,application,mdb2_symbol,MDB2_PREPARE_MANIP
framework,app/installer/dbhandlers/dbhandlermanager.inc,163,installer,application,mdb2_symbol,MDB2_SCHEMA_DUMP_STRUCTURE
framework,app/installer/dbhandlers/dbhandlermanager.inc,167,installer,application,mdb2_symbol,MDB2_SCHEMA_DUMP_CONTENT
framework,app/installer/dbhandlers/dbhandlermanager.inc,171,installer,application,mdb2_symbol,MDB2_SCHEMA_DUMP_ALL
framework,app/installer/dbhandlers/dbhandlermanager.inc,181,installer,application,pear_error,PEAR::isError
framework,app/installer/dbhandlers/dbhandlermanager.inc,227,installer,application,driver_state,->phptype
framework,app/installer/dbhandlers/dbhandlermanager.inc,227,installer,application,driver_state,->phptype
framework,app/installer/dbhandlers/dbhandlermanager.inc,227,installer,application,raw_connection_member,->_db->phptype
framework,app/installer/dbhandlers/dbhandlermanager.inc,227,installer,application,raw_connection_member,->_db->phptype
framework,app/installer/dbhandlers/dbhandlermanager.inc,229,installer,application,mdb2_result_or_schema,->setOption(
framework,app/installer/dbhandlers/dbhandlermanager.inc,229,installer,application,raw_connection_member,->_db->setOption
framework,app/installer/dbhandlers/dbhandlermanager.inc,234,installer,application,mdb2_result_or_schema,->mgCreateTable(
framework,app/installer/dbhandlers/dbhandlermanager.inc,234,installer,application,raw_connection_member,->_db->mgCreateTable
framework,app/installer/dbhandlers/dbhandlermanager.inc,240,installer,application,mdb2_result_or_schema,->mgCreateTable(
framework,app/installer/dbhandlers/dbhandlermanager.inc,240,installer,application,raw_connection_member,->_db->mgCreateTable
framework,app/installer/dbhandlers/dbhandlermanager.inc,280,installer,application,mdb2_result_or_schema,->mgDropTable(
framework,app/installer/dbhandlers/dbhandlermanager.inc,280,installer,application,raw_connection_member,->_db->mgDropTable
framework,app/installer/dbhandlers/dbhandlermanager.inc,297,installer,application,mdb2_result_or_schema,->mgCreateIndex(
framework,app/installer/dbhandlers/dbhandlermanager.inc,297,installer,application,raw_connection_member,->_db->mgCreateIndex
framework,app/installer/dbhandlers/dbhandlermanager.inc,312,installer,application,mdb2_result_or_schema,->mgCreateDatabase(
framework,app/installer/dbhandlers/dbhandlermanager.inc,312,installer,application,raw_connection_member,->_db->mgCreateDatabase
framework,app/installer/dbhandlers/dbhandlermanager.inc,325,installer,application,mdb2_result_or_schema,->mgDropDatabase(
framework,app/installer/dbhandlers/dbhandlermanager.inc,325,installer,application,raw_connection_member,->_db->mgDropDatabase
framework,app/installer/dbhandlers/dbhandlermanager.inc,337,installer,application,mdb2_result_or_schema,->mgListDatabases(
framework,app/installer/dbhandlers/dbhandlermanager.inc,337,installer,application,raw_connection_member,->_db->mgListDatabases
framework,app/installer/dbhandlers/dbhandlermanager.inc,349,installer,application,mdb2_result_or_schema,->mgListUsers(
framework,app/installer/dbhandlers/dbhandlermanager.inc,349,installer,application,raw_connection_member,->_db->mgListUsers
framework,app/installer/dbhandlers/dbhandlermanager.inc,361,installer,application,mdb2_result_or_schema,->mgListViews(
framework,app/installer/dbhandlers/dbhandlermanager.inc,361,installer,application,raw_connection_member,->_db->mgListViews
framework,app/installer/dbhandlers/dbhandlermanager.inc,373,installer,application,mdb2_result_or_schema,->mgListFunctions(
framework,app/installer/dbhandlers/dbhandlermanager.inc,373,installer,application,raw_connection_member,->_db->mgListFunctions
framework,app/installer/dbhandlers/dbhandlermanager.inc,385,installer,application,mdb2_result_or_schema,->mgListTables(
framework,app/installer/dbhandlers/dbhandlermanager.inc,385,installer,application,raw_connection_member,->_db->mgListTables
framework,app/installer/dbhandlers/dbhandlermanager.inc,398,installer,application,mdb2_result_or_schema,->mgListTableFields(
framework,app/installer/dbhandlers/dbhandlermanager.inc,398,installer,application,raw_connection_member,->_db->mgListTableFields
framework,app/installer/dbhandlers/dbhandlermanager.inc,436,installer,application,mdb2_result_or_schema,->mgCreateIndex(
framework,app/installer/dbhandlers/dbhandlermanager.inc,436,installer,application,raw_connection_member,->_db->mgCreateIndex
framework,app/installer/dbhandlers/dbhandlermanager.inc,450,installer,application,mdb2_result_or_schema,->mgDropIndex(
framework,app/installer/dbhandlers/dbhandlermanager.inc,450,installer,application,raw_connection_member,->_db->mgDropIndex
framework,app/installer/dbhandlers/dbhandlermanager.inc,463,installer,application,mdb2_result_or_schema,->mgListTableIndexes(
framework,app/installer/dbhandlers/dbhandlermanager.inc,463,installer,application,raw_connection_member,->_db->mgListTableIndexes
framework,app/installer/dbhandlers/dbhandlermanager.inc,491,installer,application,mdb2_result_or_schema,->mgCreateConstraint(
framework,app/installer/dbhandlers/dbhandlermanager.inc,491,installer,application,raw_connection_member,->_db->mgCreateConstraint
framework,app/installer/dbhandlers/dbhandlermanager.inc,505,installer,application,mdb2_result_or_schema,->mgDropConstraint(
framework,app/installer/dbhandlers/dbhandlermanager.inc,505,installer,application,raw_connection_member,->_db->mgDropConstraint
framework,app/installer/dbhandlers/dbhandlermanager.inc,518,installer,application,mdb2_result_or_schema,->mgListTableConstraints(
framework,app/installer/dbhandlers/dbhandlermanager.inc,518,installer,application,raw_connection_member,->_db->mgListTableConstraints
framework,app/installer/dbhandlers/dbhandlermanager.inc,532,installer,application,mdb2_result_or_schema,->mgCreateSequence(
framework,app/installer/dbhandlers/dbhandlermanager.inc,532,installer,application,raw_connection_member,->_db->mgCreateSequence
framework,app/installer/dbhandlers/dbhandlermanager.inc,545,installer,application,mdb2_result_or_schema,->mgDropSequence(
framework,app/installer/dbhandlers/dbhandlermanager.inc,545,installer,application,raw_connection_member,->_db->mgDropSequence
framework,app/installer/dbhandlers/dbhandlermanager.inc,557,installer,application,mdb2_result_or_schema,->mgListSequences(
framework,app/installer/dbhandlers/dbhandlermanager.inc,557,installer,application,raw_connection_member,->_db->mgListSequences
framework,app/installer/dbhandlers/dbhandlermanager.inc,570,installer,application,raw_connection_member,->_db->disconnect
framework,app/installer/dbhandlers/dbhandlermanager.inc,582,installer,application,raw_connection_member,->_db->setDatabase
framework,app/installer/dbhandlers/dbhandlermanager.inc,593,installer,application,raw_connection_member,->_db->getDatabase
framework,app/installer/dbhandlers/dbhandlermanager.inc,605,installer,application,raw_connection_member,->_db->getServerVersion
framework,app/installer/dbhandlers/dbhandlermanager.inc,700,installer,application,mdb2_result_or_schema,->mgAlterTable(
framework,app/installer/dbhandlers/dbhandlermanager.inc,700,installer,application,raw_connection_member,->_db->mgAlterTable
framework,app/installer/step.inc,134,installer,application,transaction_or_lock,rollback
framework,app/installer/step.inc,139,installer,application,transaction_or_lock,rollback
framework,app/installer/step.inc,140,installer,application,transaction_or_lock,rollback
framework,app/installer/stepaction.inc,117,installer,application,transaction_or_lock,rollback
framework,app/installer/steps/databasedetails.inc,302,installer,application,mdb2_symbol,MDB2_Driver_mysql
framework,app/installer/steps/databasedetails.inc,305,installer,application,mdb2_symbol,MDB2_Driver_mysqli
framework,app/installer/steps/databasedetails.inc,308,installer,application,mdb2_symbol,MDB2_Driver_pgsql
framework,app/installer/steps/systemdetails.inc,1309,installer,application,transaction_or_lock,rollback
framework,app/installer/steps/systemdetails.inc,1310,installer,application,transaction_or_lock,rollback
framework,app/installer/steps/systemdetails.inc,1312,installer,application,transaction_or_lock,rollback
framework,app/installer/steps/versioncheck.inc,458,installer,application,mdb2_symbol,MDB2_Driver_mysql
framework,app/installer/steps/versioncheck.inc,459,installer,application,mdb2_symbol,MDB2_Driver_pgsql
framework,app/installer/steps/versioncheck.inc,460,installer,application,mdb2_symbol,MDB2_Driver_mysqli
framework,app/installer/steps/versioncheck.inc,467,installer,application,mdb2_symbol,MDB2_Driver_mysqli
framework,app/installer/steps/versioncheck.inc,480,installer,application,mdb2_symbol,MDB2_Driver_mysql
framework,app/installer/steps/versioncheck.inc,518,installer,application,mdb2_symbol,MDB2_Driver_pgsql
framework,app/installer/steps/versioncheck.inc,643,installer,application,mdb2_symbol,MDB2
framework,app/installer/steps/versioncheck.inc,644,installer,application,mdb2_symbol,MDB2_Schema
framework,app/installer/steps/versioncheck.inc,671,installer,application,mdb2_symbol,MDB2_Driver_mysql
framework,app/installer/steps/versioncheck.inc,671,installer,application,mdb2_symbol,MDB2_Driver_mysql
framework,app/installer/steps/versioncheck.inc,672,installer,application,mdb2_symbol,MDB2_Driver_mysqli
framework,app/installer/steps/versioncheck.inc,672,installer,application,mdb2_symbol,MDB2_Driver_mysqli
framework,app/installer/steps/versioncheck.inc,673,installer,application,mdb2_symbol,MDB2_Driver_pgsql
framework,app/installer/steps/versioncheck.inc,673,installer,application,mdb2_symbol,MDB2_Driver_pgsql
framework,app/installer/steps/versioncheck.inc,686,installer,application,mdb2_symbol,MDB2
framework,app/installer/steps/versioncheck.inc,688,installer,application,mdb2_symbol,MDB2
framework,app/installer/steps/versioncheck.inc,690,installer,application,mdb2_symbol,MDB2
framework,app/installer/steps/versioncheck.inc,692,installer,application,mdb2_symbol,MDB2
framework,app/installer/steps/versioncheck.inc,697,installer,application,mdb2_symbol,MDB2
framework,app/installer/steps/versioncheck.inc,701,installer,application,mdb2_symbol,MDB2
framework,app/installer/steps/versioncheck.inc,703,installer,application,mdb2_symbol,MDB2_Schema
framework,app/installer/steps/versioncheck.inc,705,installer,application,mdb2_symbol,MDB2_Schema
framework,app/installer/steps/versioncheck.inc,707,installer,application,mdb2_symbol,MDB2_Schema
framework,app/installer/steps/versioncheck.inc,712,installer,application,mdb2_symbol,MDB2_Schema
framework,app/installer/steps/versioncheck.inc,749,installer,application,mdb2_symbol,MDB2_Driver_mysql
framework,app/installer/steps/versioncheck.inc,751,installer,application,mdb2_symbol,MDB2_Driver_mysql
framework,app/installer/steps/versioncheck.inc,752,installer,application,mdb2_symbol,MDB2_Driver_mysql
framework,app/installer/steps/versioncheck.inc,753,installer,application,mdb2_symbol,MDB2_Driver_mysql
framework,app/installer/steps/versioncheck.inc,755,installer,application,mdb2_symbol,MDB2_Driver_mysql
framework,app/installer/steps/versioncheck.inc,758,installer,application,mdb2_symbol,MDB2_Driver_mysql
framework,app/installer/steps/versioncheck.inc,762,installer,application,mdb2_symbol,MDB2_Driver_mysqli
framework,app/installer/steps/versioncheck.inc,763,installer,application,mdb2_symbol,MDB2
framework,app/installer/steps/versioncheck.inc,764,installer,application,mdb2_symbol,MDB2
framework,app/installer/steps/versioncheck.inc,766,installer,application,mdb2_symbol,MDB2_Driver_mysqli
framework,app/installer/steps/versioncheck.inc,767,installer,application,mdb2_symbol,MDB2_Driver_mysqli
framework,app/installer/steps/versioncheck.inc,769,installer,application,mdb2_symbol,MDB2_Driver_mysqli
framework,app/installer/steps/versioncheck.inc,772,installer,application,mdb2_symbol,MDB2_Driver_mysqli
framework,app/installer/steps/versioncheck.inc,773,installer,application,mdb2_symbol,MDB2_Driver_mysqli
framework,app/installer/steps/versioncheck.inc,776,installer,application,mdb2_symbol,MDB2_Driver_pgsql
framework,app/installer/steps/versioncheck.inc,777,installer,application,mdb2_symbol,MDB2_Driver_pgsql
framework,app/installer/steps/versioncheck.inc,778,installer,application,mdb2_symbol,MDB2_Driver_pgsql
framework,app/installer/steps/versioncheck.inc,779,installer,application,mdb2_symbol,MDB2_Driver_mysqli
framework,app/installer/steps/versioncheck.inc,781,installer,application,mdb2_symbol,MDB2_Driver_pgsql
framework,app/installer/steps/versioncheck.inc,784,installer,application,mdb2_symbol,MDB2_Driver_pgsql
framework,app/installer/steps/versioncheck.inc,819,installer,application,mdb2_symbol,MDB2
framework,app/installer/steps/versioncheck.inc,820,installer,application,mdb2_symbol,MDB2
framework,app/installer/steps/versioncheck.inc,822,installer,application,mdb2_symbol,MDB2
framework,app/installer/steps/versioncheck.inc,829,installer,application,mdb2_symbol,MDB2_Schema
framework,app/installer/steps/versioncheck.inc,830,installer,application,mdb2_symbol,MDB2
framework,app/installer/steps/versioncheck.inc,832,installer,application,mdb2_symbol,MDB2
framework,app/installer/steps/versioncheck.inc,834,installer,application,mdb2_symbol,MDB2_Schema
framework,app/installer/steps/versioncheck.inc,841,installer,application,mdb2_symbol,MDB2_Driver_mysqli
framework,app/installer/steps/versioncheck.inc,842,installer,application,mdb2_symbol,MDB2
framework,app/installer/steps/versioncheck.inc,843,installer,application,mdb2_symbol,MDB2
framework,app/installer/steps/versioncheck.inc,845,installer,application,mdb2_symbol,MDB2_Driver_mysqli
framework,app/installer/steps/versioncheck.inc,857,installer,application,mdb2_symbol,MDB2
framework,app/installer/steps/versioncheck.inc,858,installer,application,mdb2_symbol,MDB2
framework,app/installer/wizard.inc,873,installer,application,transaction_or_lock,rollback
framework,app/installer/wizard.inc,875,installer,application,transaction_or_lock,Rollback
framework,app/tests/MDB2_Connect_Test.php,6,framework-core,test-or-operator,mdb2_symbol,MDB2_Connect_Test
framework,app/tests/MDB2_Connect_Test.php,17,framework-core,test-or-operator,mdb2_symbol,MDB2
framework,app/tests/MDB2_Connect_Test.php,31,framework-core,test-or-operator,mdb2_symbol,MDB2_Connect_Test
framework,app/tests/MDB2_Connect_Test.php,41,framework-core,test-or-operator,mdb2_symbol,MDB2_PORTABILITY_ALL
framework,app/tests/MDB2_Connect_Test.php,41,framework-core,test-or-operator,mdb2_symbol,MDB2_PORTABILITY_EMPTY_TO_NULL
framework,app/tests/MDB2_Connect_Test.php,44,framework-core,test-or-operator,mdb2_symbol,MDB2
framework,app/tests/MDB2_Connect_Test.php,45,framework-core,test-or-operator,pear_error,PEAR::isError
framework,app/tests/MDB2_TestCase.php,4,framework-core,test-or-operator,mdb2_symbol,MDB2_TestCase
framework,app/tests/MDB2_TestCase.php,18,framework-core,test-or-operator,mdb2_symbol,MDB2_TestCase
framework,app/tests/MDB2_TestCase.php,26,framework-core,test-or-operator,mdb2_symbol,MDB2
framework,app/tests/MDB2_TestCase.php,27,framework-core,test-or-operator,raw_connection_member,->db->setDatabase
framework,app/tests/MDB2_TestCase.php,28,framework-core,test-or-operator,mdb2_symbol,MDB2_ERROR_UNSUPPORTED
framework,app/tests/MDB2_TestCase.php,28,framework-core,test-or-operator,raw_connection_member,->db->expectError
framework,app/tests/MDB2_TestCase.php,45,framework-core,test-or-operator,raw_connection_member,->db->popExpect
framework,app/tests/MDB2_TestCase.php,47,framework-core,test-or-operator,pear_error,PEAR::isError
framework,app/tests/MDB2_TestCase.php,48,framework-core,test-or-operator,raw_connection_member,->db->disconnect
framework,app/tests/MDB2_TestCase.php,54,framework-core,test-or-operator,pear_error,PEAR::isError
framework,app/tests/MDB2_TestCase.php,54,framework-core,test-or-operator,raw_connection_member,->db->exec
framework,app/tests/MDB2_TestCase.php,57,framework-core,test-or-operator,pear_error,PEAR::isError
framework,app/tests/MDB2_TestCase.php,57,framework-core,test-or-operator,raw_connection_member,->db->exec
framework,app/tests/MDB2_TestCase.php,63,framework-core,test-or-operator,raw_connection_member,->db->supports
framework,app/tests/MDB2_TestCase.php,71,framework-core,test-or-operator,mdb2_result_or_schema,->fetchRow(
framework,app/tests/MDB2_TestCase.php,71,framework-core,test-or-operator,mdb2_symbol,MDB2_FETCHMODE_DEFAULT
framework,app/tests/MDB2_TestCase.php,94,framework-core,test-or-operator,mdb2_symbol,MDB2_Date
framework,app/tests/MDB2_TestCase.php,95,framework-core,test-or-operator,mdb2_symbol,MDB2_Date
framework,app/tests/MDB2_TestCase.php,96,framework-core,test-or-operator,mdb2_symbol,MDB2_Date
framework,app/tests/MDB2_TestCase.php,111,framework-core,test-or-operator,mdb2_result_or_schema,->loadModule(
framework,app/tests/MDB2_TestCase.php,111,framework-core,test-or-operator,raw_connection_member,->db->loadModule
framework,app/tests/MDB2_TestCase.php,112,framework-core,test-or-operator,driver_state,->manager
framework,app/tests/MDB2_TestCase.php,112,framework-core,test-or-operator,raw_connection_member,->db->manager
framework,app/tests/MDB2_api_testcase.php,46,framework-core,test-or-operator,mdb2_symbol,MDB2_testcase
framework,app/tests/MDB2_api_testcase.php,48,framework-core,test-or-operator,mdb2_symbol,MDB2_Api_TestCase
framework,app/tests/MDB2_api_testcase.php,48,framework-core,test-or-operator,mdb2_symbol,MDB2_TestCase
framework,app/tests/MDB2_api_testcase.php,51,framework-core,test-or-operator,mdb2_symbol,MDB2
framework,app/tests/MDB2_api_testcase.php,52,framework-core,test-or-operator,pear_error,PEAR::isError
framework,app/tests/MDB2_api_testcase.php,55,framework-core,test-or-operator,pear_error,PEAR::isError
framework,app/tests/MDB2_api_testcase.php,64,framework-core,test-or-operator,raw_connection_member,->db->getOption
framework,app/tests/MDB2_api_testcase.php,65,framework-core,test-or-operator,raw_connection_member,->db->options
framework,app/tests/MDB2_api_testcase.php,72,framework-core,test-or-operator,raw_connection_member,->db->getOption
framework,app/tests/MDB2_api_testcase.php,73,framework-core,test-or-operator,mdb2_result_or_schema,->setOption(
framework,app/tests/MDB2_api_testcase.php,73,framework-core,test-or-operator,raw_connection_member,->db->setOption
framework,app/tests/MDB2_api_testcase.php,74,framework-core,test-or-operator,raw_connection_member,->db->getOption
framework,app/tests/MDB2_api_testcase.php,75,framework-core,test-or-operator,mdb2_result_or_schema,->setOption(
framework,app/tests/MDB2_api_testcase.php,75,framework-core,test-or-operator,raw_connection_member,->db->setOption
framework,app/tests/MDB2_api_testcase.php,82,framework-core,test-or-operator,mdb2_result_or_schema,->loadModule(
framework,app/tests/MDB2_api_testcase.php,82,framework-core,test-or-operator,pear_error,PEAR::isError
framework,app/tests/MDB2_api_testcase.php,82,framework-core,test-or-operator,raw_connection_member,->db->loadModule
framework,app/tests/MDB2_api_testcase.php,90,framework-core,test-or-operator,pear_error,PEAR::isError
framework,app/tests/MDB2_api_testcase.php,91,framework-core,test-or-operator,raw_connection_member,->db->query
framework,app/tests/MDB2_api_testcase.php,102,framework-core,test-or-operator,mdb2_symbol,MDB2
framework,app/tests/MDB2_api_testcase.php,110,framework-core,test-or-operator,mdb2_result_or_schema,->fetchRow(
framework,app/tests/MDB2_api_testcase.php,113,framework-core,test-or-operator,pear_error,PEAR::isError
framework,app/tests/MDB2_api_testcase.php,123,framework-core,test-or-operator,mdb2_result_or_schema,->numRows(
framework,app/tests/MDB2_api_testcase.php,124,framework-core,test-or-operator,pear_error,PEAR::isError
framework,app/tests/MDB2_api_testcase.php,133,framework-core,test-or-operator,mdb2_result_or_schema,->numCols(
framework,app/tests/MDB2_api_testcase.php,134,framework-core,test-or-operator,pear_error,PEAR::isError
framework,app/tests/MDB2_api_testcase.php,139,framework-core,test-or-operator,mdb2_symbol,MDB2
framework,app/tests/MDB2_api_testcase.php,140,framework-core,test-or-operator,mdb2_symbol,MDB2
framework,app/tests/MDB2_api_testcase.php,143,framework-core,test-or-operator,mdb2_symbol,MDB2
framework,app/tests/MDB2_api_testcase.php,145,framework-core,test-or-operator,raw_connection_member,->db->db_index
framework,app/tests/MDB2_api_testcase.php,149,framework-core,test-or-operator,raw_connection_member,->db->getServerVersion
framework,app/tests/MDB2_api_testcase.php,150,framework-core,test-or-operator,pear_error,PEAR::isError
framework,app/tests/MDB2_api_testcase.php,155,framework-core,test-or-operator,raw_connection_member,->db->getServerVersion
framework,app/tests/MDB2_api_testcase.php,156,framework-core,test-or-operator,pear_error,PEAR::isError
framework,app/tests/MDB2_bugs_testcase.php,46,framework-core,test-or-operator,mdb2_symbol,MDB2_testcase
framework,app/tests/MDB2_bugs_testcase.php,48,framework-core,test-or-operator,mdb2_symbol,MDB2_Bugs_TestCase
framework,app/tests/MDB2_bugs_testcase.php,48,framework-core,test-or-operator,mdb2_symbol,MDB2_TestCase
framework,app/tests/MDB2_bugs_testcase.php,55,framework-core,test-or-operator,raw_connection_member,->db->prepare
framework,app/tests/MDB2_bugs_testcase.php,63,framework-core,test-or-operator,mdb2_symbol,MDB2_Date
framework,app/tests/MDB2_bugs_testcase.php,64,framework-core,test-or-operator,mdb2_symbol,MDB2_Date
framework,app/tests/MDB2_bugs_testcase.php,65,framework-core,test-or-operator,mdb2_symbol,MDB2_Date
framework,app/tests/MDB2_bugs_testcase.php,69,framework-core,test-or-operator,pear_error,PEAR::isError
framework,app/tests/MDB2_bugs_testcase.php,75,framework-core,test-or-operator,raw_connection_member,->db->query
framework,app/tests/MDB2_bugs_testcase.php,77,framework-core,test-or-operator,pear_error,PEAR::isError
framework,app/tests/MDB2_bugs_testcase.php,81,framework-core,test-or-operator,mdb2_result_or_schema,->setFetchMode(
framework,app/tests/MDB2_bugs_testcase.php,81,framework-core,test-or-operator,mdb2_symbol,MDB2_FETCHMODE_ASSOC
framework,app/tests/MDB2_bugs_testcase.php,81,framework-core,test-or-operator,raw_connection_member,->db->setFetchMode
framework,app/tests/MDB2_bugs_testcase.php,83,framework-core,test-or-operator,mdb2_result_or_schema,->fetchRow(
framework,app/tests/MDB2_bugs_testcase.php,86,framework-core,test-or-operator,raw_connection_member,->db->query
framework,app/tests/MDB2_bugs_testcase.php,87,framework-core,test-or-operator,pear_error,PEAR::isError
framework,app/tests/MDB2_bugs_testcase.php,90,framework-core,test-or-operator,mdb2_result_or_schema,->setFetchMode(
framework,app/tests/MDB2_bugs_testcase.php,90,framework-core,test-or-operator,mdb2_symbol,MDB2_FETCHMODE_ORDERED
framework,app/tests/MDB2_bugs_testcase.php,90,framework-core,test-or-operator,raw_connection_member,->db->setFetchMode
framework,app/tests/MDB2_bugs_testcase.php,101,framework-core,test-or-operator,raw_connection_member,->db->query
framework,app/tests/MDB2_bugs_testcase.php,102,framework-core,test-or-operator,raw_connection_member,->db->pushErrorHandling
framework,app/tests/MDB2_bugs_testcase.php,103,framework-core,test-or-operator,raw_connection_member,->db->query
framework,app/tests/MDB2_bugs_testcase.php,105,framework-core,test-or-operator,mdb2_result_or_schema,->fetchRow(
framework,app/tests/MDB2_bugs_testcase.php,106,framework-core,test-or-operator,raw_connection_member,->db->popErrorHandling
framework,app/tests/MDB2_bugs_testcase.php,107,framework-core,test-or-operator,pear_error,PEAR::isError
framework,app/tests/MDB2_bugs_testcase.php,120,framework-core,test-or-operator,mdb2_symbol,MDB2_Date
framework,app/tests/MDB2_bugs_testcase.php,121,framework-core,test-or-operator,mdb2_symbol,MDB2_Date
framework,app/tests/MDB2_bugs_testcase.php,122,framework-core,test-or-operator,mdb2_symbol,MDB2_Date
framework,app/tests/MDB2_bugs_testcase.php,124,framework-core,test-or-operator,raw_connection_member,->db->prepare
framework,app/tests/MDB2_bugs_testcase.php,127,framework-core,test-or-operator,raw_connection_member,->db->query
framework,app/tests/MDB2_bugs_testcase.php,129,framework-core,test-or-operator,pear_error,PEAR::isError
framework,app/tests/MDB2_bugs_testcase.php,138,framework-core,test-or-operator,raw_connection_member,->db->query
framework,app/tests/MDB2_bugs_testcase.php,140,framework-core,test-or-operator,pear_error,PEAR::isError
framework,app/tests/MDB2_bugs_testcase.php,153,framework-core,test-or-operator,raw_connection_member,->db->query
framework,app/tests/MDB2_bugs_testcase.php,155,framework-core,test-or-operator,mdb2_result_or_schema,->numRows(
framework,app/tests/MDB2_bugs_testcase.php,164,framework-core,test-or-operator,mdb2_symbol,MDB2_Date
framework,app/tests/MDB2_bugs_testcase.php,165,framework-core,test-or-operator,mdb2_symbol,MDB2_Date
framework,app/tests/MDB2_bugs_testcase.php,166,framework-core,test-or-operator,mdb2_symbol,MDB2_Date
framework,app/tests/MDB2_bugs_testcase.php,168,framework-core,test-or-operator,raw_connection_member,->db->prepare
framework,app/tests/MDB2_bugs_testcase.php,171,framework-core,test-or-operator,raw_connection_member,->db->query
framework,app/tests/MDB2_bugs_testcase.php,172,framework-core,test-or-operator,mdb2_result_or_schema,->numRows(
framework,app/tests/MDB2_bugs_testcase.php,188,framework-core,test-or-operator,mdb2_symbol,MDB2_Date
framework,app/tests/MDB2_bugs_testcase.php,189,framework-core,test-or-operator,mdb2_symbol,MDB2_Date
framework,app/tests/MDB2_bugs_testcase.php,190,framework-core,test-or-operator,mdb2_symbol,MDB2_Date
framework,app/tests/MDB2_bugs_testcase.php,192,framework-core,test-or-operator,raw_connection_member,->db->prepare
framework,app/tests/MDB2_bugs_testcase.php,195,framework-core,test-or-operator,mdb2_result_or_schema,->queryRow(
framework,app/tests/MDB2_bugs_testcase.php,195,framework-core,test-or-operator,mdb2_symbol,MDB2_FETCHMODE_ORDERED
framework,app/tests/MDB2_bugs_testcase.php,195,framework-core,test-or-operator,raw_connection_member,->db->queryRow
framework,app/tests/MDB2_bugs_testcase.php,208,framework-core,test-or-operator,raw_connection_member,->db->prepare
framework,app/tests/MDB2_bugs_testcase.php,217,framework-core,test-or-operator,mdb2_symbol,MDB2_Date
framework,app/tests/MDB2_bugs_testcase.php,218,framework-core,test-or-operator,mdb2_symbol,MDB2_Date
framework,app/tests/MDB2_bugs_testcase.php,219,framework-core,test-or-operator,mdb2_symbol,MDB2_Date
framework,app/tests/MDB2_bugs_testcase.php,223,framework-core,test-or-operator,pear_error,PEAR::isError
framework,app/tests/MDB2_bugs_testcase.php,229,framework-core,test-or-operator,raw_connection_member,->db->setLimit
framework,app/tests/MDB2_bugs_testcase.php,230,framework-core,test-or-operator,raw_connection_member,->db->query
framework,app/tests/MDB2_bugs_testcase.php,231,framework-core,test-or-operator,mdb2_result_or_schema,->numRows(
framework,app/tests/MDB2_bugs_testcase.php,232,framework-core,test-or-operator,mdb2_result_or_schema,->fetchRow(
framework,app/tests/MDB2_bugs_testcase.php,233,framework-core,test-or-operator,pear_error,PEAR::isError
framework,app/tests/MDB2_bugs_testcase.php,239,framework-core,test-or-operator,raw_connection_member,->db->query
framework,app/tests/MDB2_bugs_testcase.php,240,framework-core,test-or-operator,mdb2_result_or_schema,->numRows(
framework,app/tests/MDB2_bugs_testcase.php,241,framework-core,test-or-operator,mdb2_result_or_schema,->fetchRow(
framework,app/tests/MDB2_bugs_testcase.php,242,framework-core,test-or-operator,pear_error,PEAR::isError
framework,app/tests/MDB2_bugs_testcase.php,256,framework-core,test-or-operator,raw_connection_member,->db->prepare
framework,app/tests/MDB2_bugs_testcase.php,265,framework-core,test-or-operator,mdb2_symbol,MDB2_Date
framework,app/tests/MDB2_bugs_testcase.php,266,framework-core,test-or-operator,mdb2_symbol,MDB2_Date
framework,app/tests/MDB2_bugs_testcase.php,267,framework-core,test-or-operator,mdb2_symbol,MDB2_Date
framework,app/tests/MDB2_bugs_testcase.php,270,framework-core,test-or-operator,pear_error,PEAR::isError
framework,app/tests/MDB2_bugs_testcase.php,276,framework-core,test-or-operator,raw_connection_member,->db->query
framework,app/tests/MDB2_bugs_testcase.php,278,framework-core,test-or-operator,mdb2_result_or_schema,->numRows(
framework,app/tests/MDB2_datatype_testcase.php,46,framework-core,test-or-operator,mdb2_symbol,MDB2_testcase
framework,app/tests/MDB2_datatype_testcase.php,48,framework-core,test-or-operator,mdb2_symbol,MDB2_Datatype_TestCase
framework,app/tests/MDB2_datatype_testcase.php,48,framework-core,test-or-operator,mdb2_symbol,MDB2_TestCase
framework,app/tests/MDB2_datatype_testcase.php,55,framework-core,test-or-operator,mdb2_result_or_schema,->loadModule(
framework,app/tests/MDB2_datatype_testcase.php,55,framework-core,test-or-operator,raw_connection_member,->db->loadModule
framework,app/tests/MDB2_datatype_testcase.php,87,framework-core,test-or-operator,driver_state,->manager
framework,app/tests/MDB2_datatype_testcase.php,87,framework-core,test-or-operator,raw_connection_member,->db->manager
framework,app/tests/MDB2_datatype_testcase.php,93,framework-core,test-or-operator,driver_state,->manager
framework,app/tests/MDB2_datatype_testcase.php,93,framework-core,test-or-operator,raw_connection_member,->db->manager
framework,app/tests/MDB2_datatype_testcase.php,95,framework-core,test-or-operator,raw_connection_member,->db->popExpect
framework,app/tests/MDB2_datatype_testcase.php,97,framework-core,test-or-operator,driver_state,->manager
framework,app/tests/MDB2_datatype_testcase.php,97,framework-core,test-or-operator,pear_error,PEAR::isError
framework,app/tests/MDB2_datatype_testcase.php,97,framework-core,test-or-operator,raw_connection_member,->db->manager
framework,app/tests/MDB2_datatype_testcase.php,98,framework-core,test-or-operator,raw_connection_member,->db->disconnect
framework,app/tests/MDB2_datatype_testcase.php,129,framework-core,test-or-operator,raw_connection_member,->db->exec
framework,app/tests/MDB2_datatype_testcase.php,130,framework-core,test-or-operator,pear_error,PEAR::isError
framework,app/tests/MDB2_datatype_testcase.php,139,framework-core,test-or-operator,raw_connection_member,->db->prepare
framework,app/tests/MDB2_datatype_testcase.php,140,framework-core,test-or-operator,pear_error,PEAR::isError
framework,app/tests/MDB2_datatype_testcase.php,144,framework-core,test-or-operator,pear_error,PEAR::isError
framework,app/tests/MDB2_datatype_testcase.php,158,framework-core,test-or-operator,mdb2_result_or_schema,->queryRow(
framework,app/tests/MDB2_datatype_testcase.php,158,framework-core,test-or-operator,mdb2_symbol,MDB2_FETCHMODE_ASSOC
framework,app/tests/MDB2_datatype_testcase.php,158,framework-core,test-or-operator,raw_connection_member,->db->queryRow
framework,app/tests/MDB2_function_testcase.php,46,framework-core,test-or-operator,mdb2_symbol,MDB2_Function_TestCase
framework,app/tests/MDB2_function_testcase.php,46,framework-core,test-or-operator,mdb2_symbol,MDB2_TestCase
framework,app/tests/MDB2_function_testcase.php,50,framework-core,test-or-operator,mdb2_result_or_schema,->loadModule(
framework,app/tests/MDB2_function_testcase.php,50,framework-core,test-or-operator,raw_connection_member,->db->loadModule
framework,app/tests/MDB2_function_testcase.php,58,framework-core,test-or-operator,driver_state,->function
framework,app/tests/MDB2_function_testcase.php,58,framework-core,test-or-operator,raw_connection_member,->db->function
framework,app/tests/MDB2_function_testcase.php,62,framework-core,test-or-operator,driver_state,->function
framework,app/tests/MDB2_function_testcase.php,62,framework-core,test-or-operator,raw_connection_member,->db->function
framework,app/tests/MDB2_function_testcase.php,64,framework-core,test-or-operator,mdb2_result_or_schema,->queryOne(
framework,app/tests/MDB2_function_testcase.php,64,framework-core,test-or-operator,raw_connection_member,->db->queryOne
framework,app/tests/MDB2_function_testcase.php,65,framework-core,test-or-operator,pear_error,PEAR::isError
framework,app/tests/MDB2_function_testcase.php,77,framework-core,test-or-operator,driver_state,->function
framework,app/tests/MDB2_function_testcase.php,77,framework-core,test-or-operator,raw_connection_member,->db->function
framework,app/tests/MDB2_function_testcase.php,88,framework-core,test-or-operator,driver_state,->function
framework,app/tests/MDB2_function_testcase.php,88,framework-core,test-or-operator,raw_connection_member,->db->function
framework,app/tests/MDB2_function_testcase.php,89,framework-core,test-or-operator,driver_state,->function
framework,app/tests/MDB2_function_testcase.php,89,framework-core,test-or-operator,raw_connection_member,->db->function
framework,app/tests/MDB2_function_testcase.php,91,framework-core,test-or-operator,mdb2_result_or_schema,->queryOne(
framework,app/tests/MDB2_function_testcase.php,91,framework-core,test-or-operator,raw_connection_member,->db->queryOne
framework,app/tests/MDB2_function_testcase.php,92,framework-core,test-or-operator,pear_error,PEAR::isError
framework,app/tests/MDB2_function_testcase.php,105,framework-core,test-or-operator,driver_state,->function
framework,app/tests/MDB2_function_testcase.php,105,framework-core,test-or-operator,raw_connection_member,->db->function
framework,app/tests/MDB2_function_testcase.php,110,framework-core,test-or-operator,raw_connection_member,->db->prepare
framework,app/tests/MDB2_function_testcase.php,114,framework-core,test-or-operator,pear_error,PEAR::isError
framework,app/tests/MDB2_function_testcase.php,118,framework-core,test-or-operator,driver_state,->function
framework,app/tests/MDB2_function_testcase.php,118,framework-core,test-or-operator,raw_connection_member,->db->function
framework,app/tests/MDB2_function_testcase.php,120,framework-core,test-or-operator,mdb2_result_or_schema,->queryOne(
framework,app/tests/MDB2_function_testcase.php,120,framework-core,test-or-operator,raw_connection_member,->db->queryOne
framework,app/tests/MDB2_function_testcase.php,121,framework-core,test-or-operator,pear_error,PEAR::isError
framework,app/tests/MDB2_function_testcase.php,127,framework-core,test-or-operator,driver_state,->function
framework,app/tests/MDB2_function_testcase.php,127,framework-core,test-or-operator,raw_connection_member,->db->function
framework,app/tests/MDB2_function_testcase.php,129,framework-core,test-or-operator,mdb2_result_or_schema,->queryOne(
framework,app/tests/MDB2_function_testcase.php,129,framework-core,test-or-operator,raw_connection_member,->db->queryOne
framework,app/tests/MDB2_function_testcase.php,130,framework-core,test-or-operator,pear_error,PEAR::isError
framework,app/tests/MDB2_function_testcase.php,137,framework-core,test-or-operator,driver_state,->function
framework,app/tests/MDB2_function_testcase.php,137,framework-core,test-or-operator,raw_connection_member,->db->function
framework,app/tests/MDB2_function_testcase.php,139,framework-core,test-or-operator,mdb2_result_or_schema,->queryOne(
framework,app/tests/MDB2_function_testcase.php,139,framework-core,test-or-operator,raw_connection_member,->db->queryOne
framework,app/tests/MDB2_function_testcase.php,140,framework-core,test-or-operator,pear_error,PEAR::isError
framework,app/tests/MDB2_function_testcase.php,152,framework-core,test-or-operator,driver_state,->function
framework,app/tests/MDB2_function_testcase.php,152,framework-core,test-or-operator,raw_connection_member,->db->function
framework,app/tests/MDB2_function_testcase.php,156,framework-core,test-or-operator,driver_state,->function
framework,app/tests/MDB2_function_testcase.php,156,framework-core,test-or-operator,raw_connection_member,->db->function
framework,app/tests/MDB2_function_testcase.php,157,framework-core,test-or-operator,driver_state,->function
framework,app/tests/MDB2_function_testcase.php,157,framework-core,test-or-operator,raw_connection_member,->db->function
framework,app/tests/MDB2_function_testcase.php,157,framework-core,test-or-operator,raw_connection_member,->db->quote
framework,app/tests/MDB2_function_testcase.php,157,framework-core,test-or-operator,raw_connection_member,->db->quote
framework,app/tests/MDB2_function_testcase.php,159,framework-core,test-or-operator,mdb2_result_or_schema,->queryOne(
framework,app/tests/MDB2_function_testcase.php,159,framework-core,test-or-operator,raw_connection_member,->db->queryOne
framework,app/tests/MDB2_function_testcase.php,160,framework-core,test-or-operator,pear_error,PEAR::isError
framework,app/tests/MDB2_manager_testcase.php,47,framework-core,test-or-operator,mdb2_symbol,MDB2_testcase
framework,app/tests/MDB2_manager_testcase.php,49,framework-core,test-or-operator,mdb2_symbol,MDB2_Manager_TestCase
framework,app/tests/MDB2_manager_testcase.php,49,framework-core,test-or-operator,mdb2_symbol,MDB2_TestCase
framework,app/tests/MDB2_manager_testcase.php,55,framework-core,test-or-operator,mdb2_result_or_schema,->loadModule(
framework,app/tests/MDB2_manager_testcase.php,55,framework-core,test-or-operator,raw_connection_member,->db->loadModule
framework,app/tests/MDB2_manager_testcase.php,78,framework-core,test-or-operator,driver_state,->manager
framework,app/tests/MDB2_manager_testcase.php,78,framework-core,test-or-operator,raw_connection_member,->db->manager
framework,app/tests/MDB2_manager_testcase.php,84,framework-core,test-or-operator,driver_state,->manager
framework,app/tests/MDB2_manager_testcase.php,84,framework-core,test-or-operator,raw_connection_member,->db->manager
framework,app/tests/MDB2_manager_testcase.php,86,framework-core,test-or-operator,raw_connection_member,->db->popExpect
framework,app/tests/MDB2_manager_testcase.php,88,framework-core,test-or-operator,driver_state,->manager
framework,app/tests/MDB2_manager_testcase.php,88,framework-core,test-or-operator,pear_error,PEAR::isError
framework,app/tests/MDB2_manager_testcase.php,88,framework-core,test-or-operator,raw_connection_member,->db->manager
framework,app/tests/MDB2_manager_testcase.php,89,framework-core,test-or-operator,raw_connection_member,->db->disconnect
framework,app/tests/MDB2_manager_testcase.php,98,framework-core,test-or-operator,driver_state,->manager
framework,app/tests/MDB2_manager_testcase.php,98,framework-core,test-or-operator,raw_connection_member,->db->manager
framework,app/tests/MDB2_manager_testcase.php,102,framework-core,test-or-operator,driver_state,->manager
framework,app/tests/MDB2_manager_testcase.php,102,framework-core,test-or-operator,raw_connection_member,->db->manager
framework,app/tests/MDB2_manager_testcase.php,105,framework-core,test-or-operator,driver_state,->manager
framework,app/tests/MDB2_manager_testcase.php,105,framework-core,test-or-operator,raw_connection_member,->db->manager
framework,app/tests/MDB2_manager_testcase.php,106,framework-core,test-or-operator,pear_error,PEAR::isError
framework,app/tests/MDB2_manager_testcase.php,113,framework-core,test-or-operator,driver_state,->manager
framework,app/tests/MDB2_manager_testcase.php,113,framework-core,test-or-operator,raw_connection_member,->db->manager
framework,app/tests/MDB2_manager_testcase.php,117,framework-core,test-or-operator,driver_state,->manager
framework,app/tests/MDB2_manager_testcase.php,117,framework-core,test-or-operator,raw_connection_member,->db->manager
framework,app/tests/MDB2_manager_testcase.php,122,framework-core,test-or-operator,driver_state,->manager
framework,app/tests/MDB2_manager_testcase.php,122,framework-core,test-or-operator,raw_connection_member,->db->manager
framework,app/tests/MDB2_manager_testcase.php,123,framework-core,test-or-operator,pear_error,PEAR::isError
framework,app/tests/MDB2_manager_testcase.php,127,framework-core,test-or-operator,raw_connection_member,->db->prepare
framework,app/tests/MDB2_manager_testcase.php,128,framework-core,test-or-operator,pear_error,PEAR::isError
framework,app/tests/MDB2_manager_testcase.php,139,framework-core,test-or-operator,pear_error,PEAR::isError
framework,app/tests/MDB2_manager_testcase.php,146,framework-core,test-or-operator,mdb2_result_or_schema,->queryAll(
framework,app/tests/MDB2_manager_testcase.php,146,framework-core,test-or-operator,mdb2_symbol,MDB2_FETCHMODE_ASSOC
framework,app/tests/MDB2_manager_testcase.php,146,framework-core,test-or-operator,raw_connection_member,->db->queryAll
framework,app/tests/MDB2_manager_testcase.php,147,framework-core,test-or-operator,pear_error,PEAR::isError
framework,app/tests/MDB2_manager_testcase.php,167,framework-core,test-or-operator,driver_state,->manager
framework,app/tests/MDB2_manager_testcase.php,167,framework-core,test-or-operator,raw_connection_member,->db->manager
framework,app/tests/MDB2_manager_testcase.php,172,framework-core,test-or-operator,driver_state,->manager
framework,app/tests/MDB2_manager_testcase.php,172,framework-core,test-or-operator,raw_connection_member,->db->manager
framework,app/tests/MDB2_manager_testcase.php,181,framework-core,test-or-operator,driver_state,->manager
framework,app/tests/MDB2_manager_testcase.php,181,framework-core,test-or-operator,raw_connection_member,->db->manager
framework,app/tests/MDB2_manager_testcase.php,192,framework-core,test-or-operator,driver_state,->manager
framework,app/tests/MDB2_manager_testcase.php,192,framework-core,test-or-operator,raw_connection_member,->db->manager
framework,app/tests/MDB2_manager_testcase.php,193,framework-core,test-or-operator,pear_error,PEAR::isError
framework,app/tests/MDB2_manager_testcase.php,200,framework-core,test-or-operator,driver_state,->manager
framework,app/tests/MDB2_manager_testcase.php,200,framework-core,test-or-operator,raw_connection_member,->db->manager
framework,app/tests/MDB2_manager_testcase.php,211,framework-core,test-or-operator,driver_state,->manager
framework,app/tests/MDB2_manager_testcase.php,211,framework-core,test-or-operator,raw_connection_member,->db->manager
framework,app/tests/MDB2_manager_testcase.php,212,framework-core,test-or-operator,pear_error,PEAR::isError
framework,app/tests/MDB2_manager_testcase.php,215,framework-core,test-or-operator,driver_state,->manager
framework,app/tests/MDB2_manager_testcase.php,215,framework-core,test-or-operator,raw_connection_member,->db->manager
framework,app/tests/MDB2_manager_testcase.php,216,framework-core,test-or-operator,pear_error,PEAR::isError
framework,app/tests/MDB2_manager_testcase.php,217,framework-core,test-or-operator,driver_state,->manager
framework,app/tests/MDB2_manager_testcase.php,217,framework-core,test-or-operator,raw_connection_member,->db->manager
framework,app/tests/MDB2_manager_testcase.php,218,framework-core,test-or-operator,pear_error,PEAR::isError
framework,app/tests/MDB2_manager_testcase.php,227,framework-core,test-or-operator,driver_state,->manager
framework,app/tests/MDB2_manager_testcase.php,227,framework-core,test-or-operator,raw_connection_member,->db->manager
framework,app/tests/MDB2_manager_testcase.php,238,framework-core,test-or-operator,driver_state,->manager
framework,app/tests/MDB2_manager_testcase.php,238,framework-core,test-or-operator,raw_connection_member,->db->manager
framework,app/tests/MDB2_manager_testcase.php,239,framework-core,test-or-operator,pear_error,PEAR::isError
framework,app/tests/MDB2_manager_testcase.php,242,framework-core,test-or-operator,driver_state,->manager
framework,app/tests/MDB2_manager_testcase.php,242,framework-core,test-or-operator,raw_connection_member,->db->manager
framework,app/tests/MDB2_manager_testcase.php,243,framework-core,test-or-operator,pear_error,PEAR::isError
framework,app/tests/MDB2_manager_testcase.php,252,framework-core,test-or-operator,driver_state,->manager
framework,app/tests/MDB2_manager_testcase.php,252,framework-core,test-or-operator,raw_connection_member,->db->manager
framework,app/tests/MDB2_manager_testcase.php,264,framework-core,test-or-operator,driver_state,->manager
framework,app/tests/MDB2_manager_testcase.php,264,framework-core,test-or-operator,raw_connection_member,->db->manager
framework,app/tests/MDB2_manager_testcase.php,265,framework-core,test-or-operator,pear_error,PEAR::isError
framework,app/tests/MDB2_manager_testcase.php,268,framework-core,test-or-operator,driver_state,->manager
framework,app/tests/MDB2_manager_testcase.php,268,framework-core,test-or-operator,raw_connection_member,->db->manager
framework,app/tests/MDB2_manager_testcase.php,270,framework-core,test-or-operator,pear_error,PEAR::isError
framework,app/tests/MDB2_manager_testcase.php,277,framework-core,test-or-operator,driver_state,->manager
framework,app/tests/MDB2_manager_testcase.php,277,framework-core,test-or-operator,raw_connection_member,->db->manager
framework,app/tests/MDB2_manager_testcase.php,289,framework-core,test-or-operator,driver_state,->manager
framework,app/tests/MDB2_manager_testcase.php,289,framework-core,test-or-operator,raw_connection_member,->db->manager
framework,app/tests/MDB2_manager_testcase.php,290,framework-core,test-or-operator,pear_error,PEAR::isError
framework,app/tests/MDB2_manager_testcase.php,297,framework-core,test-or-operator,driver_state,->manager
framework,app/tests/MDB2_manager_testcase.php,297,framework-core,test-or-operator,raw_connection_member,->db->manager
framework,app/tests/MDB2_manager_testcase.php,309,framework-core,test-or-operator,driver_state,->manager
framework,app/tests/MDB2_manager_testcase.php,309,framework-core,test-or-operator,raw_connection_member,->db->manager
framework,app/tests/MDB2_manager_testcase.php,310,framework-core,test-or-operator,pear_error,PEAR::isError
framework,app/tests/MDB2_manager_testcase.php,313,framework-core,test-or-operator,driver_state,->manager
framework,app/tests/MDB2_manager_testcase.php,313,framework-core,test-or-operator,raw_connection_member,->db->manager
framework,app/tests/MDB2_manager_testcase.php,315,framework-core,test-or-operator,pear_error,PEAR::isError
framework,app/tests/MDB2_manager_testcase.php,318,framework-core,test-or-operator,driver_state,->manager
framework,app/tests/MDB2_manager_testcase.php,318,framework-core,test-or-operator,raw_connection_member,->db->manager
framework,app/tests/MDB2_manager_testcase.php,319,framework-core,test-or-operator,pear_error,PEAR::isError
framework,app/tests/MDB2_manager_testcase.php,327,framework-core,test-or-operator,driver_state,->manager
framework,app/tests/MDB2_manager_testcase.php,327,framework-core,test-or-operator,raw_connection_member,->db->manager
framework,app/tests/MDB2_manager_testcase.php,339,framework-core,test-or-operator,driver_state,->manager
framework,app/tests/MDB2_manager_testcase.php,339,framework-core,test-or-operator,raw_connection_member,->db->manager
framework,app/tests/MDB2_manager_testcase.php,340,framework-core,test-or-operator,pear_error,PEAR::isError
framework,app/tests/MDB2_manager_testcase.php,343,framework-core,test-or-operator,driver_state,->manager
framework,app/tests/MDB2_manager_testcase.php,343,framework-core,test-or-operator,raw_connection_member,->db->manager
framework,app/tests/MDB2_manager_testcase.php,344,framework-core,test-or-operator,pear_error,PEAR::isError
framework,app/tests/MDB2_manager_testcase.php,353,framework-core,test-or-operator,driver_state,->manager
framework,app/tests/MDB2_manager_testcase.php,353,framework-core,test-or-operator,raw_connection_member,->db->manager
framework,app/tests/MDB2_manager_testcase.php,363,framework-core,test-or-operator,driver_state,->manager
framework,app/tests/MDB2_manager_testcase.php,363,framework-core,test-or-operator,raw_connection_member,->db->manager
framework,app/tests/MDB2_manager_testcase.php,368,framework-core,test-or-operator,driver_state,->manager
framework,app/tests/MDB2_manager_testcase.php,368,framework-core,test-or-operator,raw_connection_member,->db->manager
framework,app/tests/MDB2_manager_testcase.php,414,framework-core,test-or-operator,mdb2_symbol,MDB2_ERROR_CANNOT_ALTER
framework,app/tests/MDB2_manager_testcase.php,414,framework-core,test-or-operator,raw_connection_member,->db->expectError
framework,app/tests/MDB2_manager_testcase.php,415,framework-core,test-or-operator,driver_state,->manager
framework,app/tests/MDB2_manager_testcase.php,415,framework-core,test-or-operator,raw_connection_member,->db->manager
framework,app/tests/MDB2_manager_testcase.php,416,framework-core,test-or-operator,raw_connection_member,->db->popExpect
framework,app/tests/MDB2_manager_testcase.php,417,framework-core,test-or-operator,pear_error,PEAR::isError
framework,app/tests/MDB2_manager_testcase.php,420,framework-core,test-or-operator,driver_state,->manager
framework,app/tests/MDB2_manager_testcase.php,420,framework-core,test-or-operator,raw_connection_member,->db->manager
framework,app/tests/MDB2_manager_testcase.php,421,framework-core,test-or-operator,pear_error,PEAR::isError
framework,app/tests/MDB2_manager_testcase.php,424,framework-core,test-or-operator,driver_state,->manager
framework,app/tests/MDB2_manager_testcase.php,424,framework-core,test-or-operator,raw_connection_member,->db->manager
framework,app/tests/MDB2_manager_testcase.php,433,framework-core,test-or-operator,driver_state,->manager
framework,app/tests/MDB2_manager_testcase.php,433,framework-core,test-or-operator,raw_connection_member,->db->manager
framework,app/tests/MDB2_manager_testcase.php,438,framework-core,test-or-operator,driver_state,->manager
framework,app/tests/MDB2_manager_testcase.php,438,framework-core,test-or-operator,raw_connection_member,->db->manager
framework,app/tests/MDB2_manager_testcase.php,474,framework-core,test-or-operator,mdb2_symbol,MDB2_ERROR_CANNOT_ALTER
framework,app/tests/MDB2_manager_testcase.php,474,framework-core,test-or-operator,raw_connection_member,->db->expectError
framework,app/tests/MDB2_manager_testcase.php,475,framework-core,test-or-operator,driver_state,->manager
framework,app/tests/MDB2_manager_testcase.php,475,framework-core,test-or-operator,raw_connection_member,->db->manager
framework,app/tests/MDB2_manager_testcase.php,476,framework-core,test-or-operator,raw_connection_member,->db->popExpect
framework,app/tests/MDB2_manager_testcase.php,477,framework-core,test-or-operator,pear_error,PEAR::isError
framework,app/tests/MDB2_manager_testcase.php,480,framework-core,test-or-operator,driver_state,->manager
framework,app/tests/MDB2_manager_testcase.php,480,framework-core,test-or-operator,raw_connection_member,->db->manager
framework,app/tests/MDB2_manager_testcase.php,481,framework-core,test-or-operator,pear_error,PEAR::isError
framework,app/tests/MDB2_manager_testcase.php,486,framework-core,test-or-operator,driver_state,->manager
framework,app/tests/MDB2_manager_testcase.php,486,framework-core,test-or-operator,raw_connection_member,->db->manager
framework,app/tests/MDB2_manager_testcase.php,492,framework-core,test-or-operator,driver_state,->manager
framework,app/tests/MDB2_manager_testcase.php,492,framework-core,test-or-operator,raw_connection_member,->db->manager
framework,app/tests/MDB2_manager_testcase.php,501,framework-core,test-or-operator,driver_state,->manager
framework,app/tests/MDB2_manager_testcase.php,501,framework-core,test-or-operator,raw_connection_member,->db->manager
framework,app/tests/MDB2_manager_testcase.php,508,framework-core,test-or-operator,driver_state,->manager
framework,app/tests/MDB2_manager_testcase.php,508,framework-core,test-or-operator,raw_connection_member,->db->manager
framework,app/tests/MDB2_manager_testcase.php,523,framework-core,test-or-operator,driver_state,->manager
framework,app/tests/MDB2_manager_testcase.php,523,framework-core,test-or-operator,raw_connection_member,->db->manager
framework,app/tests/MDB2_manager_testcase.php,526,framework-core,test-or-operator,driver_state,->manager
framework,app/tests/MDB2_manager_testcase.php,526,framework-core,test-or-operator,raw_connection_member,->db->manager
framework,app/tests/MDB2_manager_testcase.php,527,framework-core,test-or-operator,pear_error,PEAR::isError
framework,app/tests/MDB2_manager_testcase.php,534,framework-core,test-or-operator,driver_state,->manager
framework,app/tests/MDB2_manager_testcase.php,534,framework-core,test-or-operator,raw_connection_member,->db->manager
framework,app/tests/MDB2_manager_testcase.php,537,framework-core,test-or-operator,driver_state,->manager
framework,app/tests/MDB2_manager_testcase.php,537,framework-core,test-or-operator,raw_connection_member,->db->manager
framework,app/tests/MDB2_manager_testcase.php,545,framework-core,test-or-operator,driver_state,->manager
framework,app/tests/MDB2_manager_testcase.php,545,framework-core,test-or-operator,raw_connection_member,->db->manager
framework,app/tests/MDB2_manager_testcase.php,549,framework-core,test-or-operator,driver_state,->manager
framework,app/tests/MDB2_manager_testcase.php,549,framework-core,test-or-operator,raw_connection_member,->db->manager
framework,app/tests/MDB2_manager_testcase.php,550,framework-core,test-or-operator,pear_error,PEAR::isError
framework,app/tests/MDB2_manager_testcase.php,551,framework-core,test-or-operator,driver_state,->manager
framework,app/tests/MDB2_manager_testcase.php,551,framework-core,test-or-operator,raw_connection_member,->db->manager
framework,app/tests/MDB2_manager_testcase.php,552,framework-core,test-or-operator,driver_state,->manager
framework,app/tests/MDB2_manager_testcase.php,552,framework-core,test-or-operator,raw_connection_member,->db->manager
framework,app/tests/MDB2_manager_testcase.php,553,framework-core,test-or-operator,pear_error,PEAR::isError
framework,app/tests/MDB2_manager_testcase.php,554,framework-core,test-or-operator,driver_state,->manager
framework,app/tests/MDB2_manager_testcase.php,554,framework-core,test-or-operator,raw_connection_member,->db->manager
framework,app/tests/MDB2_native_testcase.php,46,framework-core,test-or-operator,mdb2_symbol,MDB2_testcase
framework,app/tests/MDB2_native_testcase.php,48,framework-core,test-or-operator,mdb2_symbol,MDB2_Native_TestCase
framework,app/tests/MDB2_native_testcase.php,48,framework-core,test-or-operator,mdb2_symbol,MDB2_TestCase
framework,app/tests/MDB2_reverse_testcase.php,46,framework-core,test-or-operator,mdb2_symbol,MDB2_testcase
framework,app/tests/MDB2_reverse_testcase.php,48,framework-core,test-or-operator,mdb2_symbol,MDB2_Reverse_TestCase
framework,app/tests/MDB2_reverse_testcase.php,48,framework-core,test-or-operator,mdb2_symbol,MDB2_TestCase
framework,app/tests/MDB2_reverse_testcase.php,52,framework-core,test-or-operator,mdb2_result_or_schema,->loadModule(
framework,app/tests/MDB2_reverse_testcase.php,52,framework-core,test-or-operator,raw_connection_member,->db->loadModule
framework,app/tests/MDB2_reverse_testcase.php,60,framework-core,test-or-operator,raw_connection_member,->db->reverse
framework,app/tests/MDB2_reverse_testcase.php,64,framework-core,test-or-operator,raw_connection_member,->db->reverse
framework,app/tests/MDB2_reverse_testcase.php,65,framework-core,test-or-operator,pear_error,PEAR::isError
framework,app/tests/MDB2_reverse_testcase.php,84,framework-core,test-or-operator,raw_connection_member,->db->reverse
framework,app/tests/MDB2_reverse_testcase.php,89,framework-core,test-or-operator,raw_connection_member,->db->reverse
framework,app/tests/MDB2_reverse_testcase.php,90,framework-core,test-or-operator,pear_error,PEAR::isError
framework,app/tests/MDB2_reverse_testcase.php,102,framework-core,test-or-operator,raw_connection_member,->db->reverse
framework,app/tests/MDB2_reverse_testcase.php,103,framework-core,test-or-operator,pear_error,PEAR::isError
framework,app/tests/MDB2_reverse_testcase.php,112,framework-core,test-or-operator,raw_connection_member,->db->reverse
framework,app/tests/MDB2_reverse_testcase.php,113,framework-core,test-or-operator,pear_error,PEAR::isError
framework,app/tests/MDB2_reverse_testcase.php,129,framework-core,test-or-operator,raw_connection_member,->db->reverse
framework,app/tests/MDB2_reverse_testcase.php,134,framework-core,test-or-operator,mdb2_result_or_schema,->loadModule(
framework,app/tests/MDB2_reverse_testcase.php,134,framework-core,test-or-operator,raw_connection_member,->db->loadModule
framework,app/tests/MDB2_reverse_testcase.php,158,framework-core,test-or-operator,driver_state,->manager
framework,app/tests/MDB2_reverse_testcase.php,158,framework-core,test-or-operator,raw_connection_member,->db->manager
framework,app/tests/MDB2_reverse_testcase.php,159,framework-core,test-or-operator,pear_error,PEAR::isError
framework,app/tests/MDB2_reverse_testcase.php,161,framework-core,test-or-operator,driver_state,->manager
framework,app/tests/MDB2_reverse_testcase.php,161,framework-core,test-or-operator,raw_connection_member,->db->manager
framework,app/tests/MDB2_reverse_testcase.php,162,framework-core,test-or-operator,pear_error,PEAR::isError
framework,app/tests/MDB2_reverse_testcase.php,184,framework-core,test-or-operator,driver_state,->manager
framework,app/tests/MDB2_reverse_testcase.php,184,framework-core,test-or-operator,raw_connection_member,->db->manager
framework,app/tests/MDB2_reverse_testcase.php,185,framework-core,test-or-operator,pear_error,PEAR::isError
framework,app/tests/MDB2_reverse_testcase.php,186,framework-core,test-or-operator,pear_error,PEAR::isError
framework,app/tests/MDB2_reverse_testcase.php,193,framework-core,test-or-operator,raw_connection_member,->db->reverse
framework,app/tests/MDB2_reverse_testcase.php,194,framework-core,test-or-operator,pear_error,PEAR::isError
framework,app/tests/MDB2_reverse_testcase.php,211,framework-core,test-or-operator,mdb2_result_or_schema,->loadModule(
framework,app/tests/MDB2_reverse_testcase.php,211,framework-core,test-or-operator,raw_connection_member,->db->loadModule
framework,app/tests/MDB2_reverse_testcase.php,213,framework-core,test-or-operator,driver_state,->manager
framework,app/tests/MDB2_reverse_testcase.php,213,framework-core,test-or-operator,raw_connection_member,->db->manager
framework,app/tests/MDB2_reverse_testcase.php,215,framework-core,test-or-operator,driver_state,->manager
framework,app/tests/MDB2_reverse_testcase.php,215,framework-core,test-or-operator,raw_connection_member,->db->manager
framework,app/tests/MDB2_reverse_testcase.php,216,framework-core,test-or-operator,pear_error,PEAR::isError
framework,app/tests/MDB2_reverse_testcase.php,220,framework-core,test-or-operator,raw_connection_member,->db->nextId
framework,app/tests/MDB2_reverse_testcase.php,221,framework-core,test-or-operator,raw_connection_member,->db->reverse
framework,app/tests/MDB2_reverse_testcase.php,225,framework-core,test-or-operator,driver_state,->manager
framework,app/tests/MDB2_reverse_testcase.php,225,framework-core,test-or-operator,raw_connection_member,->db->manager
framework,app/tests/MDB2_reverse_testcase.php,226,framework-core,test-or-operator,pear_error,PEAR::isError
framework,app/tests/MDB2_usage_testcase.php,46,framework-core,test-or-operator,mdb2_symbol,MDB2_testcase
framework,app/tests/MDB2_usage_testcase.php,48,framework-core,test-or-operator,mdb2_symbol,MDB2_Usage_TestCase
framework,app/tests/MDB2_usage_testcase.php,48,framework-core,test-or-operator,mdb2_symbol,MDB2_TestCase
framework,app/tests/MDB2_usage_testcase.php,59,framework-core,test-or-operator,raw_connection_member,->db->prepare
framework,app/tests/MDB2_usage_testcase.php,63,framework-core,test-or-operator,pear_error,PEAR::isError
framework,app/tests/MDB2_usage_testcase.php,67,framework-core,test-or-operator,raw_connection_member,->db->query
framework,app/tests/MDB2_usage_testcase.php,69,framework-core,test-or-operator,pear_error,PEAR::isError
framework,app/tests/MDB2_usage_testcase.php,87,framework-core,test-or-operator,raw_connection_member,->db->prepare
framework,app/tests/MDB2_usage_testcase.php,93,framework-core,test-or-operator,pear_error,PEAR::isError
framework,app/tests/MDB2_usage_testcase.php,102,framework-core,test-or-operator,raw_connection_member,->db->query
framework,app/tests/MDB2_usage_testcase.php,104,framework-core,test-or-operator,pear_error,PEAR::isError
framework,app/tests/MDB2_usage_testcase.php,123,framework-core,test-or-operator,raw_connection_member,->db->prepare
framework,app/tests/MDB2_usage_testcase.php,129,framework-core,test-or-operator,pear_error,PEAR::isError
framework,app/tests/MDB2_usage_testcase.php,146,framework-core,test-or-operator,raw_connection_member,->db->query
framework,app/tests/MDB2_usage_testcase.php,147,framework-core,test-or-operator,pear_error,PEAR::isError
framework,app/tests/MDB2_usage_testcase.php,151,framework-core,test-or-operator,pear_error,PEAR::isError
framework,app/tests/MDB2_usage_testcase.php,158,framework-core,test-or-operator,raw_connection_member,->db->query
framework,app/tests/MDB2_usage_testcase.php,159,framework-core,test-or-operator,pear_error,PEAR::isError
framework,app/tests/MDB2_usage_testcase.php,163,framework-core,test-or-operator,pear_error,PEAR::isError
framework,app/tests/MDB2_usage_testcase.php,180,framework-core,test-or-operator,raw_connection_member,->db->prepare
framework,app/tests/MDB2_usage_testcase.php,186,framework-core,test-or-operator,pear_error,PEAR::isError
framework,app/tests/MDB2_usage_testcase.php,197,framework-core,test-or-operator,raw_connection_member,->db->query
framework,app/tests/MDB2_usage_testcase.php,198,framework-core,test-or-operator,pear_error,PEAR::isError
framework,app/tests/MDB2_usage_testcase.php,201,framework-core,test-or-operator,mdb2_symbol,MDB2_FETCHMODE_ASSOC
framework,app/tests/MDB2_usage_testcase.php,202,framework-core,test-or-operator,pear_error,PEAR::isError
framework,app/tests/MDB2_usage_testcase.php,224,framework-core,test-or-operator,raw_connection_member,->db->prepare
framework,app/tests/MDB2_usage_testcase.php,230,framework-core,test-or-operator,pear_error,PEAR::isError
framework,app/tests/MDB2_usage_testcase.php,238,framework-core,test-or-operator,mdb2_result_or_schema,->queryRow(
framework,app/tests/MDB2_usage_testcase.php,238,framework-core,test-or-operator,mdb2_symbol,MDB2_FETCHMODE_ASSOC
framework,app/tests/MDB2_usage_testcase.php,238,framework-core,test-or-operator,raw_connection_member,->db->queryRow
framework,app/tests/MDB2_usage_testcase.php,239,framework-core,test-or-operator,pear_error,PEAR::isError
framework,app/tests/MDB2_usage_testcase.php,265,framework-core,test-or-operator,raw_connection_member,->db->prepare
framework,app/tests/MDB2_usage_testcase.php,275,framework-core,test-or-operator,pear_error,PEAR::isError
framework,app/tests/MDB2_usage_testcase.php,279,framework-core,test-or-operator,pear_error,PEAR::isError
framework,app/tests/MDB2_usage_testcase.php,281,framework-core,test-or-operator,raw_connection_member,->db->prepare
framework,app/tests/MDB2_usage_testcase.php,290,framework-core,test-or-operator,pear_error,PEAR::isError
framework,app/tests/MDB2_usage_testcase.php,294,framework-core,test-or-operator,pear_error,PEAR::isError
framework,app/tests/MDB2_usage_testcase.php,296,framework-core,test-or-operator,raw_connection_member,->db->prepare
framework,app/tests/MDB2_usage_testcase.php,299,framework-core,test-or-operator,mdb2_result_or_schema,->fetchRow(
framework,app/tests/MDB2_usage_testcase.php,299,framework-core,test-or-operator,mdb2_symbol,MDB2_FETCHMODE_ASSOC
framework,app/tests/MDB2_usage_testcase.php,320,framework-core,test-or-operator,raw_connection_member,->db->prepare
framework,app/tests/MDB2_usage_testcase.php,324,framework-core,test-or-operator,pear_error,PEAR::isError
framework,app/tests/MDB2_usage_testcase.php,328,framework-core,test-or-operator,raw_connection_member,->db->query
framework,app/tests/MDB2_usage_testcase.php,330,framework-core,test-or-operator,pear_error,PEAR::isError
framework,app/tests/MDB2_usage_testcase.php,334,framework-core,test-or-operator,mdb2_result_or_schema,->numCols(
framework,app/tests/MDB2_usage_testcase.php,353,framework-core,test-or-operator,raw_connection_member,->db->getOption
framework,app/tests/MDB2_usage_testcase.php,354,framework-core,test-or-operator,mdb2_symbol,MDB2_PORTABILITY_EMPTY_TO_NULL
framework,app/tests/MDB2_usage_testcase.php,372,framework-core,test-or-operator,raw_connection_member,->db->quote
framework,app/tests/MDB2_usage_testcase.php,378,framework-core,test-or-operator,raw_connection_member,->db->exec
framework,app/tests/MDB2_usage_testcase.php,380,framework-core,test-or-operator,pear_error,PEAR::isError
framework,app/tests/MDB2_usage_testcase.php,384,framework-core,test-or-operator,raw_connection_member,->db->query
framework,app/tests/MDB2_usage_testcase.php,386,framework-core,test-or-operator,pear_error,PEAR::isError
framework,app/tests/MDB2_usage_testcase.php,398,framework-core,test-or-operator,mdb2_result_or_schema,->fetchRow(
framework,app/tests/MDB2_usage_testcase.php,427,framework-core,test-or-operator,raw_connection_member,->db->quote
framework,app/tests/MDB2_usage_testcase.php,429,framework-core,test-or-operator,raw_connection_member,->db->exec
framework,app/tests/MDB2_usage_testcase.php,431,framework-core,test-or-operator,pear_error,PEAR::isError
framework,app/tests/MDB2_usage_testcase.php,435,framework-core,test-or-operator,raw_connection_member,->db->query
framework,app/tests/MDB2_usage_testcase.php,437,framework-core,test-or-operator,pear_error,PEAR::isError
framework,app/tests/MDB2_usage_testcase.php,463,framework-core,test-or-operator,raw_connection_member,->db->prepare
framework,app/tests/MDB2_usage_testcase.php,469,framework-core,test-or-operator,pear_error,PEAR::isError
framework,app/tests/MDB2_usage_testcase.php,478,framework-core,test-or-operator,raw_connection_member,->db->setLimit
framework,app/tests/MDB2_usage_testcase.php,480,framework-core,test-or-operator,raw_connection_member,->db->query
framework,app/tests/MDB2_usage_testcase.php,482,framework-core,test-or-operator,pear_error,PEAR::isError
framework,app/tests/MDB2_usage_testcase.php,497,framework-core,test-or-operator,raw_connection_member,->db->setLimit
framework,app/tests/MDB2_usage_testcase.php,499,framework-core,test-or-operator,raw_connection_member,->db->query
framework,app/tests/MDB2_usage_testcase.php,501,framework-core,test-or-operator,pear_error,PEAR::isError
framework,app/tests/MDB2_usage_testcase.php,505,framework-core,test-or-operator,mdb2_result_or_schema,->numRows(
framework,app/tests/MDB2_usage_testcase.php,529,framework-core,test-or-operator,mdb2_result_or_schema,->loadModule(
framework,app/tests/MDB2_usage_testcase.php,529,framework-core,test-or-operator,raw_connection_member,->db->loadModule
framework,app/tests/MDB2_usage_testcase.php,534,framework-core,test-or-operator,driver_state,->manager
framework,app/tests/MDB2_usage_testcase.php,534,framework-core,test-or-operator,raw_connection_member,->db->manager
framework,app/tests/MDB2_usage_testcase.php,535,framework-core,test-or-operator,pear_error,PEAR::isError
framework,app/tests/MDB2_usage_testcase.php,538,framework-core,test-or-operator,raw_connection_member,->db->nextId
framework,app/tests/MDB2_usage_testcase.php,543,framework-core,test-or-operator,driver_state,->manager
framework,app/tests/MDB2_usage_testcase.php,543,framework-core,test-or-operator,raw_connection_member,->db->manager
framework,app/tests/MDB2_usage_testcase.php,545,framework-core,test-or-operator,pear_error,PEAR::isError
framework,app/tests/MDB2_usage_testcase.php,553,framework-core,test-or-operator,mdb2_symbol,MDB2_ERROR_NOSUCHTABLE
framework,app/tests/MDB2_usage_testcase.php,553,framework-core,test-or-operator,raw_connection_member,->db->expectError
framework,app/tests/MDB2_usage_testcase.php,554,framework-core,test-or-operator,driver_state,->manager
framework,app/tests/MDB2_usage_testcase.php,554,framework-core,test-or-operator,raw_connection_member,->db->manager
framework,app/tests/MDB2_usage_testcase.php,555,framework-core,test-or-operator,raw_connection_member,->db->popExpect
framework,app/tests/MDB2_usage_testcase.php,558,framework-core,test-or-operator,raw_connection_member,->db->nextId
framework,app/tests/MDB2_usage_testcase.php,563,framework-core,test-or-operator,driver_state,->manager
framework,app/tests/MDB2_usage_testcase.php,563,framework-core,test-or-operator,raw_connection_member,->db->manager
framework,app/tests/MDB2_usage_testcase.php,565,framework-core,test-or-operator,pear_error,PEAR::isError
framework,app/tests/MDB2_usage_testcase.php,572,framework-core,test-or-operator,raw_connection_member,->db->nextId
framework,app/tests/MDB2_usage_testcase.php,573,framework-core,test-or-operator,raw_connection_member,->db->currId
framework,app/tests/MDB2_usage_testcase.php,575,framework-core,test-or-operator,pear_error,PEAR::isError
framework,app/tests/MDB2_usage_testcase.php,586,framework-core,test-or-operator,driver_state,->manager
framework,app/tests/MDB2_usage_testcase.php,586,framework-core,test-or-operator,raw_connection_member,->db->manager
framework,app/tests/MDB2_usage_testcase.php,587,framework-core,test-or-operator,pear_error,PEAR::isError
framework,app/tests/MDB2_usage_testcase.php,646,framework-core,test-or-operator,raw_connection_member,->db->replace
framework,app/tests/MDB2_usage_testcase.php,648,framework-core,test-or-operator,pear_error,PEAR::isError
framework,app/tests/MDB2_usage_testcase.php,652,framework-core,test-or-operator,raw_connection_member,->db->supports
framework,app/tests/MDB2_usage_testcase.php,658,framework-core,test-or-operator,raw_connection_member,->db->query
framework,app/tests/MDB2_usage_testcase.php,660,framework-core,test-or-operator,pear_error,PEAR::isError
framework,app/tests/MDB2_usage_testcase.php,672,framework-core,test-or-operator,mdb2_symbol,MDB2_Date
framework,app/tests/MDB2_usage_testcase.php,673,framework-core,test-or-operator,mdb2_symbol,MDB2_Date
framework,app/tests/MDB2_usage_testcase.php,674,framework-core,test-or-operator,mdb2_symbol,MDB2_Date
framework,app/tests/MDB2_usage_testcase.php,676,framework-core,test-or-operator,raw_connection_member,->db->replace
framework,app/tests/MDB2_usage_testcase.php,678,framework-core,test-or-operator,pear_error,PEAR::isError
framework,app/tests/MDB2_usage_testcase.php,681,framework-core,test-or-operator,raw_connection_member,->db->supports
framework,app/tests/MDB2_usage_testcase.php,685,framework-core,test-or-operator,raw_connection_member,->db->query
framework,app/tests/MDB2_usage_testcase.php,687,framework-core,test-or-operator,pear_error,PEAR::isError
framework,app/tests/MDB2_usage_testcase.php,710,framework-core,test-or-operator,raw_connection_member,->db->prepare
framework,app/tests/MDB2_usage_testcase.php,716,framework-core,test-or-operator,pear_error,PEAR::isError
framework,app/tests/MDB2_usage_testcase.php,725,framework-core,test-or-operator,raw_connection_member,->db->prepare
framework,app/tests/MDB2_usage_testcase.php,736,framework-core,test-or-operator,pear_error,PEAR::isError
framework,app/tests/MDB2_usage_testcase.php,745,framework-core,test-or-operator,raw_connection_member,->db->prepare
framework,app/tests/MDB2_usage_testcase.php,754,framework-core,test-or-operator,pear_error,PEAR::isError
framework,app/tests/MDB2_usage_testcase.php,775,framework-core,test-or-operator,raw_connection_member,->db->beginTransaction
framework,app/tests/MDB2_usage_testcase.php,775,framework-core,test-or-operator,transaction_or_lock,beginTransaction
framework,app/tests/MDB2_usage_testcase.php,776,framework-core,test-or-operator,raw_connection_member,->db->prepare
framework,app/tests/MDB2_usage_testcase.php,778,framework-core,test-or-operator,raw_connection_member,->db->rollback
framework,app/tests/MDB2_usage_testcase.php,778,framework-core,test-or-operator,transaction_or_lock,rollback
framework,app/tests/MDB2_usage_testcase.php,781,framework-core,test-or-operator,raw_connection_member,->db->query
framework,app/tests/MDB2_usage_testcase.php,782,framework-core,test-or-operator,pear_error,PEAR::isError
framework,app/tests/MDB2_usage_testcase.php,785,framework-core,test-or-operator,transaction_or_lock,rollback
framework,app/tests/MDB2_usage_testcase.php,799,framework-core,test-or-operator,raw_connection_member,->db->beginTransaction
framework,app/tests/MDB2_usage_testcase.php,799,framework-core,test-or-operator,transaction_or_lock,beginTransaction
framework,app/tests/MDB2_usage_testcase.php,800,framework-core,test-or-operator,raw_connection_member,->db->prepare
framework,app/tests/MDB2_usage_testcase.php,802,framework-core,test-or-operator,raw_connection_member,->db->commit
framework,app/tests/MDB2_usage_testcase.php,802,framework-core,test-or-operator,transaction_or_lock,commit
framework,app/tests/MDB2_usage_testcase.php,805,framework-core,test-or-operator,raw_connection_member,->db->query
framework,app/tests/MDB2_usage_testcase.php,806,framework-core,test-or-operator,pear_error,PEAR::isError
framework,app/tests/MDB2_usage_testcase.php,809,framework-core,test-or-operator,transaction_or_lock,commit
framework,app/tests/MDB2_usage_testcase.php,823,framework-core,test-or-operator,raw_connection_member,->db->beginTransaction
framework,app/tests/MDB2_usage_testcase.php,823,framework-core,test-or-operator,transaction_or_lock,beginTransaction
framework,app/tests/MDB2_usage_testcase.php,824,framework-core,test-or-operator,raw_connection_member,->db->exec
framework,app/tests/MDB2_usage_testcase.php,825,framework-core,test-or-operator,pear_error,PEAR::isError
framework,app/tests/MDB2_usage_testcase.php,827,framework-core,test-or-operator,raw_connection_member,->db->rollback
framework,app/tests/MDB2_usage_testcase.php,827,framework-core,test-or-operator,transaction_or_lock,rollback
framework,app/tests/MDB2_usage_testcase.php,829,framework-core,test-or-operator,raw_connection_member,->db->commit
framework,app/tests/MDB2_usage_testcase.php,829,framework-core,test-or-operator,transaction_or_lock,commit
framework,app/tests/MDB2_usage_testcase.php,832,framework-core,test-or-operator,raw_connection_member,->db->query
framework,app/tests/MDB2_usage_testcase.php,833,framework-core,test-or-operator,pear_error,PEAR::isError
framework,app/tests/MDB2_usage_testcase.php,837,framework-core,test-or-operator,transaction_or_lock,commit
framework,app/tests/MDB2_usage_testcase.php,837,framework-core,test-or-operator,transaction_or_lock,commit
framework,app/tests/MDB2_usage_testcase.php,850,framework-core,test-or-operator,raw_connection_member,->db->prepare
framework,app/tests/MDB2_usage_testcase.php,869,framework-core,test-or-operator,pear_error,PEAR::isError
framework,app/tests/MDB2_usage_testcase.php,875,framework-core,test-or-operator,raw_connection_member,->db->query
framework,app/tests/MDB2_usage_testcase.php,876,framework-core,test-or-operator,pear_error,PEAR::isError
framework,app/tests/MDB2_usage_testcase.php,882,framework-core,test-or-operator,mdb2_result_or_schema,->fetchRow(
framework,app/tests/MDB2_usage_testcase.php,884,framework-core,test-or-operator,pear_error,PEAR::isError
framework,app/tests/MDB2_usage_testcase.php,891,framework-core,test-or-operator,driver_state,->datatype
framework,app/tests/MDB2_usage_testcase.php,891,framework-core,test-or-operator,raw_connection_member,->db->datatype
framework,app/tests/MDB2_usage_testcase.php,898,framework-core,test-or-operator,pear_error,PEAR::isError
framework,app/tests/MDB2_usage_testcase.php,906,framework-core,test-or-operator,driver_state,->datatype
framework,app/tests/MDB2_usage_testcase.php,906,framework-core,test-or-operator,raw_connection_member,->db->datatype
framework,app/tests/MDB2_usage_testcase.php,923,framework-core,test-or-operator,raw_connection_member,->db->prepare
framework,app/tests/MDB2_usage_testcase.php,955,framework-core,test-or-operator,pear_error,PEAR::isError
framework,app/tests/MDB2_usage_testcase.php,959,framework-core,test-or-operator,raw_connection_member,->db->query
framework,app/tests/MDB2_usage_testcase.php,960,framework-core,test-or-operator,pear_error,PEAR::isError
framework,app/tests/MDB2_usage_testcase.php,966,framework-core,test-or-operator,mdb2_result_or_schema,->fetchRow(
framework,app/tests/MDB2_usage_testcase.php,968,framework-core,test-or-operator,pear_error,PEAR::isError
framework,app/tests/MDB2_usage_testcase.php,969,framework-core,test-or-operator,driver_state,->datatype
framework,app/tests/MDB2_usage_testcase.php,969,framework-core,test-or-operator,raw_connection_member,->db->datatype
framework,app/tests/MDB2_usage_testcase.php,970,framework-core,test-or-operator,driver_state,->datatype
framework,app/tests/MDB2_usage_testcase.php,970,framework-core,test-or-operator,raw_connection_member,->db->datatype
framework,app/tests/MDB2_usage_testcase.php,987,framework-core,test-or-operator,pear_error,PEAR::isError
framework,app/tests/MDB2_usage_testcase.php,988,framework-core,test-or-operator,driver_state,->datatype
framework,app/tests/MDB2_usage_testcase.php,988,framework-core,test-or-operator,raw_connection_member,->db->datatype
framework,app/tests/MDB2_usage_testcase.php,989,framework-core,test-or-operator,driver_state,->datatype
framework,app/tests/MDB2_usage_testcase.php,989,framework-core,test-or-operator,raw_connection_member,->db->datatype
framework,app/tests/MDB2_usage_testcase.php,1017,framework-core,test-or-operator,raw_connection_member,->db->prepare
framework,app/tests/MDB2_usage_testcase.php,1024,framework-core,test-or-operator,pear_error,PEAR::isError
framework,app/tests/MDB2_usage_testcase.php,1028,framework-core,test-or-operator,raw_connection_member,->db->query
framework,app/tests/MDB2_usage_testcase.php,1029,framework-core,test-or-operator,pear_error,PEAR::isError
framework,app/tests/MDB2_usage_testcase.php,1035,framework-core,test-or-operator,mdb2_result_or_schema,->fetchRow(
framework,app/tests/MDB2_usage_testcase.php,1035,framework-core,test-or-operator,mdb2_symbol,MDB2_FETCHMODE_ASSOC
framework,app/tests/MDB2_usage_testcase.php,1055,framework-core,test-or-operator,raw_connection_member,->db->prepare
framework,app/tests/MDB2_usage_testcase.php,1059,framework-core,test-or-operator,pear_error,PEAR::isError
framework,app/tests/MDB2_usage_testcase.php,1063,framework-core,test-or-operator,mdb2_result_or_schema,->queryRow(
framework,app/tests/MDB2_usage_testcase.php,1063,framework-core,test-or-operator,raw_connection_member,->db->queryRow
framework,app/tests/MDB2_usage_testcase.php,1065,framework-core,test-or-operator,pear_error,PEAR::isError
framework,app/tests/config/phpt_test.php.inc,21,framework-core,test-or-operator,pear_error,PEAR_Error
framework,app/tests/config/phpt_test.php.inc,32,framework-core,test-or-operator,pear_error,PEAR_Error
framework,app/tests/config/phpt_test.php.inc,36,framework-core,test-or-operator,pear_error,PEAR_Error
framework,app/tests/config/phpt_test.php.inc,50,framework-core,test-or-operator,pear_error,PEAR_Error
framework,app/tests/config/phpt_test.php.inc,51,framework-core,test-or-operator,pear_error,PEAR_Error
framework,app/tests/config/phpt_test.php.inc,99,framework-core,test-or-operator,pear_error,PEAR_Error
framework,app/tests/config/phpt_test.php.inc,100,framework-core,test-or-operator,pear_error,PEAR_Error
framework,app/tests/config/phpt_test.php.inc,116,framework-core,test-or-operator,pear_error,PEAR_Error
framework,app/tests/config/phpt_test.php.inc,117,framework-core,test-or-operator,pear_error,PEAR_Error
framework,app/tests/databasetestsetup.php,11,framework-core,test-or-operator,pdo,PDO
framework,app/tests/enginetest.php,43,framework-core,test-or-operator,connection_access,getDbObj(
framework,app/tests/schema/MDB2_Schema_testcase.php,46,framework-core,test-or-operator,mdb2_symbol,MDB2
framework,app/tests/schema/MDB2_Schema_testcase.php,48,framework-core,test-or-operator,mdb2_symbol,MDB2_Schema_TestCase
framework,app/tests/schema/MDB2_Schema_testcase.php,64,framework-core,test-or-operator,mdb2_symbol,MDB2_Schema_Test
framework,app/tests/schema/MDB2_Schema_testcase.php,80,framework-core,test-or-operator,mdb2_symbol,MDB2_Schema
framework,app/tests/schema/MDB2_Schema_testcase.php,81,framework-core,test-or-operator,pear_error,PEAR::isError
framework,app/tests/schema/MDB2_Schema_testcase.php,89,framework-core,test-or-operator,pear_error,PEAR::isError
framework,app/tests/schema/MDB2_Schema_testcase.php,106,framework-core,test-or-operator,driver_state,->manager
framework,app/tests/schema/MDB2_Schema_testcase.php,106,framework-core,test-or-operator,raw_connection_member,->db->manager
framework,app/tests/schema/MDB2_Schema_testcase.php,109,framework-core,test-or-operator,raw_connection_member,->db->expectError
framework,app/tests/schema/MDB2_Schema_testcase.php,110,framework-core,test-or-operator,driver_state,->manager
framework,app/tests/schema/MDB2_Schema_testcase.php,110,framework-core,test-or-operator,raw_connection_member,->db->manager
framework,app/tests/schema/MDB2_Schema_testcase.php,111,framework-core,test-or-operator,raw_connection_member,->db->popExpect
framework,app/tests/schema/MDB2_Schema_testcase.php,112,framework-core,test-or-operator,pear_error,PEAR::isError
framework,app/tests/schema/MDB2_Schema_testcase.php,123,framework-core,test-or-operator,pear_error,PEAR::isError
framework,app/tests/schema/MDB2_Schema_testcase.php,130,framework-core,test-or-operator,pear_error,PEAR::isError
framework,app/tests/schema/MDB2_Schema_testcase.php,146,framework-core,test-or-operator,pear_error,PEAR::isError
framework,app/tests/schema/MDB2_Schema_testcase.php,157,framework-core,test-or-operator,pear_error,PEAR::isError
framework,app/tests/schema/clitest.php,63,framework-core,test-or-operator,mdb2_symbol,MDB2
framework,app/tests/schema/clitest.php,66,framework-core,test-or-operator,mdb2_symbol,MDB2
framework,app/tests/schema/test.php,53,framework-core,test-or-operator,mdb2_symbol,MDB2
framework,app/tests/schema/test.php,75,framework-core,test-or-operator,mdb2_symbol,MDB2
framework,app/tests/schema/test_setup.php,4,framework-core,test-or-operator,mdb2_symbol,MDB2_Schema_testcase
framework,app/tests/test.php,53,framework-core,test-or-operator,mdb2_symbol,MDB2
framework,app/tests/test.php,75,framework-core,test-or-operator,mdb2_symbol,MDB2
framework,app/tests/test_setup.php,4,framework-core,test-or-operator,mdb2_symbol,MDB2_manager_testcase
framework,app/tests/test_setup.php,5,framework-core,test-or-operator,mdb2_symbol,MDB2_api_testcase
framework,app/tests/test_setup.php,6,framework-core,test-or-operator,mdb2_symbol,MDB2_usage_testcase
framework,app/tests/test_setup.php,7,framework-core,test-or-operator,mdb2_symbol,MDB2_bugs_testcase
framework,app/tests/test_setup.php,8,framework-core,test-or-operator,mdb2_symbol,MDB2_reverse_testcase
framework,app/tests/test_setup.php,9,framework-core,test-or-operator,mdb2_symbol,MDB2_native_testcase
framework,app/tests/test_setup.php,10,framework-core,test-or-operator,mdb2_symbol,MDB2_function_testcase
framework,app/tests/test_setup.php,11,framework-core,test-or-operator,mdb2_symbol,MDB2_datatype_testcase
framework,package-config.php,171,framework-core,application,mdb2_symbol,MDB2
framework,package-config.php,178,framework-core,application,mdb2_symbol,MDB2_Schema
framework,package-config.php,186,framework-core,application,mdb2_symbol,MDB2_Driver_Mysql
framework,package-config.php,193,framework-core,application,mdb2_symbol,MDB2_Driver_Pgsql
framework,pearpacker.php,13,framework-core,application,pear_error,PEAR::isError
framework,pearpacker.php,47,framework-core,application,pear_error,PEAR::isError
framework,tests/configuration/configuration_concurrency_test.php,47,framework-core,test-or-operator,transaction_or_lock,commit
framework,tests/configuration/configuration_safety_test.php,58,framework-core,test-or-operator,pear_error,PEAR::isError
framework,tests/configuration/runtime_smoke.php,27,framework-core,test-or-operator,connection_access,getDbObj(
framework,tests/configuration/runtime_smoke.php,29,framework-core,test-or-operator,mdb2_result_or_schema,->fetchRow(
framework,tests/configuration/runtime_smoke.php,29,framework-core,test-or-operator,mdb2_symbol,MDB2_FETCHMODE_ASSOC
framework,tests/configuration/runtime_smoke.php,29,framework-core,test-or-operator,pear_error,PEAR::isError
framework,tests/context/p138_atomic_context_creation_contract.php,25,framework-core,test-or-operator,transaction_or_lock,beginTransaction
framework,tests/context/p138_atomic_context_creation_contract.php,28,framework-core,test-or-operator,transaction_or_lock,commit
framework,tests/context/p138_atomic_context_creation_contract.php,30,framework-core,test-or-operator,transaction_or_lock,rollback
framework,tests/context/p138_atomic_context_creation_contract.php,32,framework-core,test-or-operator,transaction_or_lock,rollback
framework,tests/context/p138_atomic_context_creation_contract.php,36,framework-core,test-or-operator,transaction_or_lock,beginTransaction
framework,tests/context/p138_atomic_context_creation_contract.php,40,framework-core,test-or-operator,transaction_or_lock,commit
framework,tests/context/p138_atomic_context_creation_contract.php,43,framework-core,test-or-operator,transaction_or_lock,commit
framework,tests/context/p138_atomic_context_creation_contract.php,44,framework-core,test-or-operator,transaction_or_lock,commit
framework,tests/context/p138_atomic_context_creation_contract.php,45,framework-core,test-or-operator,transaction_or_lock,commit
framework,tests/context/p138_atomic_context_creation_contract.php,46,framework-core,test-or-operator,transaction_or_lock,commit
framework,tests/contextadmin/course_creation_step1_contract_test.php,30,framework-core,test-or-operator,transaction_or_lock,beginTransaction
framework,tests/core/release_schema_hooks_test.php,14,framework-core,test-or-operator,connection_access,getDbObj(
framework,tests/core/runtime_warning_foundations_test.php,11,framework-core,test-or-operator,mdb2_symbol,MDB2
framework,tests/core/runtime_warning_foundations_test.php,26,framework-core,test-or-operator,connection_access,getDbObj(
framework,tests/core/runtime_warning_foundations_test.php,35,framework-core,test-or-operator,mdb2_symbol,MDB2
framework,tests/core/runtime_warning_foundations_test.php,37,framework-core,test-or-operator,pdo,PDO
framework,tests/core/runtime_warning_foundations_test.php,39,framework-core,test-or-operator,pdo,PDO
framework,tests/core/runtime_warning_foundations_test.php,48,framework-core,test-or-operator,mdb2_symbol,MDB2
framework,tests/core/runtime_warning_foundations_test.php,48,framework-core,test-or-operator,pdo,PDO
framework,tests/dependencies/mdb2_iterator_database_smoke.php,6,framework-core,test-or-operator,connection_access,getDbObj(
framework,tests/dependencies/mdb2_iterator_database_smoke.php,9,framework-core,test-or-operator,mdb2_symbol,MDB2
framework,tests/dependencies/mdb2_iterator_database_smoke.php,10,framework-core,test-or-operator,mdb2_symbol,MDB2_Iterator
framework,tests/dependencies/mdb2_iterator_database_smoke.php,10,framework-core,test-or-operator,mdb2_symbol,MDB2_BufferedIterator
framework,tests/dependencies/mdb2_iterator_database_smoke.php,12,framework-core,test-or-operator,mdb2_symbol,MDB2
framework,tests/dependencies/mdb2_iterator_database_smoke.php,13,framework-core,test-or-operator,mdb2_symbol,MDB2_FETCHMODE_ASSOC
framework,tests/dependencies/mdb2_iterator_database_smoke.php,16,framework-core,test-or-operator,mdb2_symbol,MDB2_BufferedIterator
framework,tests/dependencies/mdb2_iterator_database_smoke.php,22,framework-core,test-or-operator,mdb2_symbol,MDB2_FETCHMODE_ASSOC
framework,tests/dependencies/mdb2_iterator_database_smoke.php,26,framework-core,test-or-operator,mdb2_symbol,MDB2
framework,tests/dependencies/mdb2_iterator_runtime_test.php,5,framework-core,test-or-operator,mdb2_symbol,MDB2
framework,tests/dependencies/mdb2_iterator_runtime_test.php,5,framework-core,test-or-operator,mdb2_symbol,MDB2
framework,tests/dependencies/mdb2_iterator_runtime_test.php,6,framework-core,test-or-operator,mdb2_symbol,MDB2_Result_Common
framework,tests/dependencies/mdb2_iterator_runtime_test.php,9,framework-core,test-or-operator,mdb2_symbol,MDB2_FETCHMODE_DEFAULT
framework,tests/dependencies/mdb2_iterator_runtime_test.php,9,framework-core,test-or-operator,mdb2_symbol,MDB2_Error
framework,tests/dependencies/mdb2_iterator_runtime_test.php,9,framework-core,test-or-operator,mdb2_symbol,MDB2_ERROR
framework,tests/dependencies/mdb2_iterator_runtime_test.php,9,framework-core,test-or-operator,pear_error,MDB2_Error
framework,tests/dependencies/mdb2_iterator_runtime_test.php,10,framework-core,test-or-operator,mdb2_symbol,MDB2_OK
framework,tests/dependencies/mdb2_iterator_runtime_test.php,13,framework-core,test-or-operator,mdb2_symbol,MDB2_Error
framework,tests/dependencies/mdb2_iterator_runtime_test.php,13,framework-core,test-or-operator,mdb2_symbol,MDB2_ERROR
framework,tests/dependencies/mdb2_iterator_runtime_test.php,13,framework-core,test-or-operator,pear_error,MDB2_Error
framework,tests/dependencies/mdb2_iterator_runtime_test.php,14,framework-core,test-or-operator,mdb2_symbol,MDB2_OK
framework,tests/dependencies/mdb2_iterator_runtime_test.php,17,framework-core,test-or-operator,mdb2_symbol,MDB2_Iterator
framework,tests/dependencies/mdb2_iterator_runtime_test.php,17,framework-core,test-or-operator,mdb2_symbol,MDB2_BufferedIterator
framework,tests/dependencies/mdb2_iterator_runtime_test.php,30,framework-core,test-or-operator,mdb2_symbol,MDB2_BufferedIterator
framework,tests/dependencies/translation_utf8_runtime_test.php,19,framework-core,test-or-operator,pear_error,PEAR_Error
framework,tests/dependencies/xml_parser_runtime_test.php,26,framework-core,test-or-operator,pear_error,PEAR::isError
framework,tests/events/runtime_smoke.php,27,framework-core,test-or-operator,connection_access,getDbObj(
framework,tests/events/runtime_smoke.php,29,framework-core,test-or-operator,mdb2_result_or_schema,->fetchRow(
framework,tests/events/runtime_smoke.php,29,framework-core,test-or-operator,mdb2_symbol,MDB2_FETCHMODE_ASSOC
framework,tests/events/runtime_smoke.php,29,framework-core,test-or-operator,pear_error,PEAR::isError
framework,tests/groupadmin/group_context_rename_contract_test.php,10,framework-core,test-or-operator,transaction_or_lock,beginTransaction
framework,tests/groupadmin/p167_group_create_delete_contract.php,20,framework-core,test-or-operator,transaction_or_lock,beginTransaction
framework,tests/nativeauth/localpasswordprovider_test.php,11,framework-core,test-or-operator,mdb2_symbol,MDB2_PREPARE_RESULT
framework,tests/nativeauth/localpasswordprovider_test.php,12,framework-core,test-or-operator,mdb2_symbol,MDB2_PREPARE_MANIP
framework,tests/nativeauth/localpasswordprovider_test.php,13,framework-core,test-or-operator,mdb2_symbol,MDB2_FETCHMODE_ASSOC
framework,tests/nativeauth/localpasswordprovider_test.php,51,framework-core,test-or-operator,raw_connection_member,->connection->executePrepared
framework,tests/nativeauth/localpasswordprovider_test.php,106,framework-core,test-or-operator,native_mdb2_bridge,Mdb2NativeDatabaseAdapter
framework,tests/nativeauth/native_auth_web_composition_factory_test.php,24,framework-core,test-or-operator,native_mdb2_bridge,Mdb2MfaRepository
framework,tests/nativeauth/native_login_wiring_test.php,41,framework-core,test-or-operator,transaction_or_lock,rollback
framework,tests/nativeauth/native_login_wiring_test.php,55,framework-core,test-or-operator,transaction_or_lock,rollback
framework,tests/security/nativeauth/mdb2nativedatabaseadapter_test.php,2,framework-core,test-or-operator,mdb2_symbol,MDB2_PREPARE_RESULT
framework,tests/security/nativeauth/mdb2nativedatabaseadapter_test.php,3,framework-core,test-or-operator,mdb2_symbol,MDB2_PREPARE_MANIP
framework,tests/security/nativeauth/mdb2nativedatabaseadapter_test.php,4,framework-core,test-or-operator,mdb2_symbol,MDB2_FETCHMODE_ASSOC
framework,tests/security/nativeauth/mdb2nativedatabaseadapter_test.php,110,framework-core,test-or-operator,native_mdb2_bridge,Mdb2NativeDatabaseAdapter
framework,tests/security/nativeauth/mdb2nativedatabaseadapter_test.php,124,framework-core,test-or-operator,mdb2_symbol,MDB2_PREPARE_RESULT
framework,tests/security/nativeauth/mdb2nativedatabaseadapter_test.php,134,framework-core,test-or-operator,native_mdb2_bridge,Mdb2NativeDatabaseAdapter
framework,tests/security/nativeauth/mdb2nativedatabaseadapter_test.php,152,framework-core,test-or-operator,native_mdb2_bridge,Mdb2NativeDatabaseAdapter
framework,tests/security/nativeauth/mdb2nativedatabaseadapter_test.php,163,framework-core,test-or-operator,mdb2_symbol,MDB2_PREPARE_MANIP
framework,tests/security/nativeauth/mdb2nativedatabaseadapter_test.php,177,framework-core,test-or-operator,native_mdb2_bridge,Mdb2NativeDatabaseAdapter
framework,tests/security/nativeauth/mdb2nativedatabaseadapter_test.php,185,framework-core,test-or-operator,mdb2_symbol,MDB2
framework,tests/translation/installed_parity_test.php,13,framework-core,test-or-operator,mdb2_result_or_schema,->setOption(
framework,tests/translation/installed_parity_test.php,13,framework-core,test-or-operator,mdb2_result_or_schema,->setOption(
framework,tests/translation/installed_parity_test.php,13,framework-core,test-or-operator,mdb2_result_or_schema,->setOption(
framework,tests/translation/legacy_contract_test.php,14,framework-core,test-or-operator,mdb2_result_or_schema,->setOption(
framework,tests/translation/legacy_contract_test.php,15,framework-core,test-or-operator,mdb2_result_or_schema,->setOption(
framework,tests/translation/legacy_contract_test.php,16,framework-core,test-or-operator,mdb2_result_or_schema,->setOption(
framework,tests/translation/storage_test.php,4,framework-core,test-or-operator,mdb2_symbol,MDB2
framework,tests/translation/storage_test.php,5,framework-core,test-or-operator,mdb2_symbol,MDB2
framework,tests/translation/storage_test.php,6,framework-core,test-or-operator,pear_error,PEAR::isError
framework,tests/translation/storage_test.php,7,framework-core,test-or-operator,mdb2_result_or_schema,->setCharset(
framework,tests/translation/storage_test.php,8,framework-core,test-or-operator,pear_error,PEAR::isError
framework,tests/translation/storage_test.php,16,framework-core,test-or-operator,connection_access,getDbObj(
framework,tests/translation/storage_test.php,42,framework-core,test-or-operator,transaction_or_lock,rollback
framework,tests/translation/storage_test.php,52,framework-core,test-or-operator,mdb2_result_or_schema,->fetchRow(
framework,tests/translation/storage_test.php,52,framework-core,test-or-operator,mdb2_symbol,MDB2_FETCHMODE_ASSOC
framework,tests/translation/storage_test.php,55,framework-core,test-or-operator,transaction_or_lock,rollback
modules,account-event-service/classes/accounteventservice_class_inc.php,12,account-event-service,application,dbtable_subclass,"extends dbTable"
modules,account-event-service/classes/accounteventservice_class_inc.php,187,account-event-service,application,connection_access,getDbObj(
modules,account-event-service/tests/account_event_service_contract_test.php,20,account-event-service,test-or-operator,connection_access,getDbObj(
modules,activitystreamer/classes/activitydb_class_inc.php,39,activitystreamer,application,dbtable_subclass,"extends dbTable"
modules,announcements/classes/dbannouncements_class_inc.php,40,announcements,application,dbtable_subclass,"extends dbTable"
modules,announcements/classes/dbannouncements_class_inc.php,429,announcements,application,connection_access,getDbObj(
modules,assignment/classes/dbassignment_class_inc.php,54,assignment,application,dbtable_subclass,"extends dbtable"
modules,assignment/classes/dbassignment_old_class_inc.php,43,assignment,application,dbtable_subclass,"extends dbtable"
modules,assignment/classes/dbassignmentcoursepolicy_class_inc.php,6,assignment,application,dbtable_subclass,"extends dbtable"
modules,assignment/classes/dbassignmentlearningoutcomes_class_inc.php,49,assignment,application,dbtable_subclass,"extends dbtable"
modules,assignment/classes/dbassignmentsubmit_class_inc.php,41,assignment,application,dbtable_subclass,"extends dbtable"
modules,assignment/classes/dbassignmentsubmit_old_class_inc.php,42,assignment,application,dbtable_subclass,"extends dbtable"
modules,assignment/classes/dbassignmentuploadablefiletypes_class_inc.php,50,assignment,application,dbtable_subclass,"extends dbtable"
modules,assignment/classes/dbassignmentworkgroups_class_inc.php,49,assignment,application,dbtable_subclass,"extends dbtable"
modules,audience/classes/audienceadmin_class_inc.php,4,audience,application,dbtable_subclass,"extends dbTable"
modules,audience/classes/audienceadmin_class_inc.php,9,audience,application,connection_access,getDbObj(
modules,audience/classes/audienceadmin_class_inc.php,10,audience,application,connection_access,getDbObj(
modules,audience/classes/audienceadmin_class_inc.php,10,audience,application,mdb2_symbol,MDB2_FETCHMODE_ASSOC
modules,audience/classes/audienceadmin_class_inc.php,10,audience,application,pear_error,PEAR::isError
modules,audience/classes/audienceadmin_class_inc.php,11,audience,application,connection_access,getDbObj(
modules,audience/classes/audienceadmin_class_inc.php,11,audience,application,pear_error,PEAR::isError
modules,audience/classes/audienceadmin_class_inc.php,40,audience,application,transaction_or_lock,COMMIT
modules,audience/classes/audienceadmin_class_inc.php,41,audience,application,transaction_or_lock,ROLLBACK
modules,audience/classes/audiencecampaigns_class_inc.php,4,audience,application,dbtable_subclass,"extends dbTable"
modules,audience/classes/audiencecampaigns_class_inc.php,9,audience,application,transaction_or_lock,"FOR UPDATE"
modules,audience/classes/audiencecampaigns_class_inc.php,35,audience,application,transaction_or_lock,COMMIT
modules,audience/classes/audiencecampaigns_class_inc.php,36,audience,application,transaction_or_lock,ROLLBACK
modules,audience/classes/audiencecampaigns_class_inc.php,78,audience,application,transaction_or_lock,COMMIT
modules,audience/classes/audiencecampaigns_class_inc.php,84,audience,application,transaction_or_lock,COMMIT
modules,audience/classes/audiencecampaigns_class_inc.php,85,audience,application,transaction_or_lock,ROLLBACK
modules,audience/classes/audiencecampaigns_class_inc.php,91,audience,application,transaction_or_lock,COMMIT
modules,audience/classes/audiencecampaigns_class_inc.php,94,audience,application,transaction_or_lock,COMMIT
modules,audience/classes/audiencecampaigns_class_inc.php,95,audience,application,transaction_or_lock,ROLLBACK
modules,audience/classes/audiencecampaigns_class_inc.php,97,audience,application,transaction_or_lock,COMMIT
modules,audience/classes/audiencecampaigns_class_inc.php,97,audience,application,transaction_or_lock,ROLLBACK
modules,audience/classes/audiencecampaigns_class_inc.php,103,audience,application,transaction_or_lock,COMMIT
modules,audience/classes/audiencecampaigns_class_inc.php,107,audience,application,transaction_or_lock,COMMIT
modules,audience/classes/audiencecampaigns_class_inc.php,124,audience,application,transaction_or_lock,COMMIT
modules,audience/classes/audiencecampaigns_class_inc.php,125,audience,application,transaction_or_lock,ROLLBACK
modules,audience/classes/audienceservice_class_inc.php,4,audience,application,dbtable_subclass,"extends dbTable"
modules,audience/classes/audienceservice_class_inc.php,48,audience,application,transaction_or_lock,"FOR UPDATE"
modules,audience/classes/audienceservice_class_inc.php,100,audience,application,transaction_or_lock,beginTransaction
modules,audience/scripts/import-icegram-users.php,21,audience,test-or-operator,connection_access,getDbObj(
modules,audience/scripts/import-icegram-users.php,21,audience,test-or-operator,mdb2_symbol,MDB2_FETCHMODE_ASSOC
modules,audience/scripts/import-icegram-users.php,21,audience,test-or-operator,pear_error,PEAR::isError
modules,audience/scripts/import-icegram-users.php,21,audience,test-or-operator,pear_error,PEAR::isError
modules,audience/scripts/import-icegram-users.php,31,audience,test-or-operator,transaction_or_lock,"FOR UPDATE"
modules,audience/scripts/import-icegram-users.php,33,audience,test-or-operator,transaction_or_lock,"FOR UPDATE"
modules,audience/scripts/import-icegram-users.php,42,audience,test-or-operator,transaction_or_lock,COMMIT
modules,audience/scripts/import-icegram-users.php,42,audience,test-or-operator,transaction_or_lock,ROLLBACK
modules,audience/scripts/import-icegram-users.php,42,audience,test-or-operator,transaction_or_lock,rollback
modules,audience/scripts/import-icegram-users.php,43,audience,test-or-operator,transaction_or_lock,ROLLBACK
modules,audience/tests/campaign_integration_test.php,5,audience,test-or-operator,pdo,PDO
modules,audience/tests/campaign_integration_test.php,5,audience,test-or-operator,pdo,PDO
modules,audience/tests/campaign_integration_test.php,5,audience,test-or-operator,pdo,PDO
modules,audience/tests/campaign_integration_test.php,7,audience,test-or-operator,mdb2_symbol,MDB2_FETCHMODE_ASSOC
modules,audience/tests/campaign_integration_test.php,9,audience,test-or-operator,pdo,PDO
modules,audience/tests/campaign_integration_test.php,13,audience,test-or-operator,connection_access,getDbObj(
modules,audience/tests/campaign_integration_test.php,19,audience,test-or-operator,pdo,PDO
modules,audience/tests/campaign_integration_test.php,20,audience,test-or-operator,pdo,PDO
modules,audience/tests/campaign_integration_test.php,23,audience,test-or-operator,transaction_or_lock,beginTransaction
modules,audience/tests/campaign_integration_test.php,23,audience,test-or-operator,transaction_or_lock,COMMIT
modules,audience/tests/campaign_integration_test.php,23,audience,test-or-operator,transaction_or_lock,ROLLBACK
modules,audience/tests/campaign_integration_test.php,59,audience,test-or-operator,pdo,PDO
modules,blog/classes/blogimporter_class_inc.php,220,blog,application,mdb2_symbol,MDB2
modules,blog/classes/blogimporter_class_inc.php,222,blog,application,mdb2_symbol,MDB2
modules,blog/classes/blogimporter_class_inc.php,224,blog,application,pear_error,PEAR::isError
modules,blog/classes/blogimporter_class_inc.php,228,blog,application,mdb2_result_or_schema,->setOption(
modules,blog/classes/blogimporter_class_inc.php,228,blog,application,mdb2_symbol,MDB2_PORTABILITY_FIX_CASE
modules,blog/classes/blogimporter_class_inc.php,228,blog,application,raw_connection_member,->objDb->setOption
modules,blog/classes/blogimporter_class_inc.php,230,blog,application,mdb2_symbol,MDB2
modules,blog/classes/blogimporter_class_inc.php,231,blog,application,mdb2_symbol,MDB2
modules,blog/classes/blogimporter_class_inc.php,233,blog,application,pear_error,PEAR::isError
modules,blog/classes/blogimporter_class_inc.php,250,blog,application,raw_connection_member,->objDb->query
modules,blog/classes/blogimporter_class_inc.php,252,blog,application,mdb2_symbol,MDB2_FETCHMODE_ASSOC
modules,blog/classes/blogimporter_class_inc.php,269,blog,application,raw_connection_member,->objDb->query
modules,blog/classes/blogimporter_class_inc.php,270,blog,application,pear_error,PEAR::isError
modules,blog/classes/blogimporter_class_inc.php,274,blog,application,mdb2_symbol,MDB2_FETCHMODE_ASSOC
modules,blog/classes/blogimporter_class_inc.php,287,blog,application,raw_connection_member,->objDb->query
modules,blog/classes/blogimporter_class_inc.php,288,blog,application,pear_error,PEAR::isError
modules,blog/classes/blogimporter_class_inc.php,293,blog,application,mdb2_symbol,MDB2_FETCHMODE_ASSOC
modules,blog/classes/blogimporter_class_inc.php,314,blog,application,raw_connection_member,->objDb->query
modules,blog/classes/blogimporter_class_inc.php,315,blog,application,pear_error,PEAR::isError
modules,blog/classes/blogimporter_class_inc.php,320,blog,application,mdb2_symbol,MDB2_FETCHMODE_ASSOC
modules,blog/classes/dbblog_class_inc.php,27,blog,application,dbtable_subclass,"extends dbTable"
modules,blog/classes/servicestrackback_class_inc.php,189,blog,application,pear_error,PEAR::isError
modules,blog/classes/servicestrackback_class_inc.php,193,blog,application,pear_error,PEAR::isError
modules,blog/classes/servicestrackback_class_inc.php,287,blog,application,pear_error,PEAR::isError
modules,blog/classes/servicestrackback_class_inc.php,305,blog,application,pear_error,PEAR::isError
modules,blog/classes/servicestrackback_class_inc.php,320,blog,application,pear_error,PEAR::isError
modules,blog/classes/servicestrackback_class_inc.php,373,blog,application,pear_error,PEAR::isError
modules,blog/classes/servicestrackback_class_inc.php,451,blog,application,pear_error,PEAR::isError
modules,blog/classes/servicestrackback_class_inc.php,501,blog,application,pear_error,PEAR::isError
modules,blog/classes/servicestrackback_class_inc.php,505,blog,application,pear_error,PEAR::isError
modules,blog/classes/servicestrackback_class_inc.php,744,blog,application,pear_error,PEAR::isError
modules,blog/classes/trackback_class_inc.php,118,blog,application,pear_error,PEAR::isError
modules,blog/classes/trackback_class_inc.php,134,blog,application,pear_error,PEAR::isError
modules,blog/classes/trackback_class_inc.php,149,blog,application,pear_error,PEAR::isError
modules,blogcomments/classes/dbblogcomments_class_inc.php,23,blogcomments,application,dbtable_subclass,"extends dbTable"
modules,bookmarks/classes/dbbookmarkfolders_class_inc.php,62,bookmarks,application,dbtable_subclass,"extends dbtable"
modules,bookmarks/classes/dbbookmarks_class_inc.php,62,bookmarks,application,dbtable_subclass,"extends dbtable"
modules,buddies/classes/dbbuddies_class_inc.php,14,buddies,application,dbtable_subclass,"extends dbTable"
modules,buddies/classes/dbloggedinusers_class_inc.php,14,buddies,application,dbtable_subclass,"extends dbTable"
modules,buddies/classes/dbusers_class_inc.php,14,buddies,application,dbtable_subclass,"extends dbTable"
modules,calendar/classes/ical_class_inc.php,23,calendar,application,dbtable_subclass,"extends dbTable"
modules,calendarbase/classes/dbcalendar_class_inc.php,31,calendarbase,application,dbtable_subclass,"extends dbTable"
modules,calendarbase/classes/dbcalendar_class_inc.php,168,calendarbase,application,transaction_or_lock,beginTransaction
modules,calendarbase/classes/dbeventattachments_class_inc.php,17,calendarbase,application,dbtable_subclass,"extends dbTable"
modules,calendarbase/classes/dbtempattachments_class_inc.php,17,calendarbase,application,dbtable_subclass,"extends dbTable"
modules,certificate-service/classes/certificateservice_class_inc.php,5,certificate-service,application,dbtable_subclass,"extends dbTable"
modules,certificate-service/classes/certificateservice_class_inc.php,15,certificate-service,application,connection_access,getDbObj(
modules,certificate-service/classes/certificateservice_class_inc.php,157,certificate-service,application,transaction_or_lock,beginTransaction
modules,certificate-service/classes/certificateservice_class_inc.php,237,certificate-service,application,raw_connection_member,->_db->quote
modules,cmsadmin/classes/dbblocks_class_inc.php,19,cmsadmin,application,dbtable_subclass,"extends dbTable"
modules,cmsadmin/classes/dbcategories_class_inc.php,21,cmsadmin,application,dbtable_subclass,"extends dbTable"
modules,cmsadmin/classes/dbcmsadmin_class_inc.php,3,cmsadmin,application,dbtable_subclass,"extends dbTable"
modules,cmsadmin/classes/dbcontent_class_inc.php,20,cmsadmin,application,dbtable_subclass,"extends dbTable"
modules,cmsadmin/classes/dbcontent_group_class_inc.php,18,cmsadmin,application,dbtable_subclass,"extends dbTable"
modules,cmsadmin/classes/dbcontent_user_class_inc.php,18,cmsadmin,application,dbtable_subclass,"extends dbTable"
modules,cmsadmin/classes/dbcontentfrontpage_class_inc.php,20,cmsadmin,application,dbtable_subclass,"extends dbTable"
modules,cmsadmin/classes/dbcontentpreview_class_inc.php,19,cmsadmin,application,dbtable_subclass,"extends dbTable"
modules,cmsadmin/classes/dbflag_class_inc.php,19,cmsadmin,application,dbtable_subclass,"extends dbTable"
modules,cmsadmin/classes/dbflagemail_class_inc.php,19,cmsadmin,application,dbtable_subclass,"extends dbTable"
modules,cmsadmin/classes/dbflagoptions_class_inc.php,19,cmsadmin,application,dbtable_subclass,"extends dbTable"
modules,cmsadmin/classes/dbgroups_class_inc.php,19,cmsadmin,application,dbtable_subclass,"extends dbTable"
modules,cmsadmin/classes/dbhtmlblock_class_inc.php,20,cmsadmin,application,dbtable_subclass,"extends dbTable"
modules,cmsadmin/classes/dblayouts_class_inc.php,19,cmsadmin,application,dbtable_subclass,"extends dbTable"
modules,cmsadmin/classes/dbmenustyles_class_inc.php,18,cmsadmin,application,dbtable_subclass,"extends dbTable"
modules,cmsadmin/classes/dbpagemenu_class_inc.php,18,cmsadmin,application,dbtable_subclass,"extends dbTable"
modules,cmsadmin/classes/dbsection_group_class_inc.php,19,cmsadmin,application,dbtable_subclass,"extends dbTable"
modules,cmsadmin/classes/dbsection_user_class_inc.php,18,cmsadmin,application,dbtable_subclass,"extends dbTable"
modules,cmsadmin/classes/dbsectiongroup_class_inc.php,19,cmsadmin,application,dbtable_subclass,"extends dbTable"
modules,cmsadmin/classes/dbsections_class_inc.php,23,cmsadmin,application,dbtable_subclass,"extends dbTable"
modules,cmsadmin/classes/dbsecurity_class_inc.php,33,cmsadmin,application,dbtable_subclass,"extends dbTable"
modules,cmsadmin/classes/dbtemplate_class_inc.php,19,cmsadmin,application,dbtable_subclass,"extends dbTable"
modules,cmsadmin/classes/dbuserpermissions_class_inc.php,24,cmsadmin,application,dbtable_subclass,"extends dbTable"
modules,cmsadmin/classes/treenodes_class_inc.php,21,cmsadmin,application,dbtable_subclass,"extends dbTable"
modules,cmscomments/classes/dbcmscomments_class_inc.php,23,cmscomments,application,dbtable_subclass,"extends dbTable"
modules,comment/classes/commentinterface_class_inc.php,247,comment,application,raw_connection_member,->objDb->getRow
modules,comment/classes/commentinterface_class_inc.php,332,comment,application,raw_connection_member,->objDb->getCommentsByTableName
modules,comment/classes/commentinterface_class_inc.php,351,comment,application,raw_connection_member,->objDb->getComment
modules,comment/classes/commentinterface_class_inc.php,491,comment,application,raw_connection_member,->objDb->getMostRecentComment
modules,comment/classes/commentinterface_class_inc.php,616,comment,application,raw_connection_member,->objDb->getCommentByType
modules,comment/classes/commentinterface_class_inc.php,995,comment,application,raw_connection_member,->objDb->getApprovedCount
modules,comment/classes/dbcomment_class_inc.php,18,comment,application,dbtable_subclass,"extends dbTable"
modules,comment/classes/dbstories_class_inc.php,7,comment,application,dbtable_subclass,"extends dbTable"
modules,comment/classes/dbwiki_page_class_inc.php,27,comment,application,dbtable_subclass,"extends dbTable"
modules,commenttypeadmin/classes/dbcommenttype_class_inc.php,13,commenttypeadmin,application,dbtable_subclass,"extends dbTable"
modules,commenttypeadmin/controller.php,93,commenttypeadmin,application,raw_connection_member,->objDb->getAll
modules,commenttypeadmin/controller.php,108,commenttypeadmin,application,raw_connection_member,->objDb->delete
modules,commenttypeadmin/controller.php,109,commenttypeadmin,application,raw_connection_member,->objDb->getAll
modules,commenttypeadmin/controller.php,121,commenttypeadmin,application,raw_connection_member,->objDb->saveRecord
modules,commenttypeadmin/controller.php,123,commenttypeadmin,application,raw_connection_member,->objDb->getAll
modules,commenttypeadmin/controller.php,132,commenttypeadmin,application,raw_connection_member,->objDb->getRow
modules,commenttypeadmin/controller.php,169,commenttypeadmin,application,raw_connection_member,->objDb->getRow
modules,contactform/classes/contactstore_class_inc.php,3,contactform,application,dbtable_subclass,"extends dbTable"
modules,contactform/classes/contactstore_class_inc.php,6,contactform,application,connection_access,getDbObj(
modules,contactform/classes/contactstore_class_inc.php,7,contactform,application,pear_error,PEAR::isError
modules,contactform/classes/contactstore_class_inc.php,10,contactform,application,connection_access,getDbObj(
modules,contactform/classes/contactstore_class_inc.php,11,contactform,application,driver_state,->in_transaction
modules,contactform/classes/contactstore_class_inc.php,12,contactform,application,pear_error,PEAR::isError
modules,contactform/classes/contactstore_class_inc.php,12,contactform,application,transaction_or_lock,beginTransaction
modules,contactform/classes/contactstore_class_inc.php,13,contactform,application,pear_error,PEAR::isError
modules,contactform/classes/contactstore_class_inc.php,13,contactform,application,transaction_or_lock,commit
modules,contactform/classes/contactstore_class_inc.php,13,contactform,application,transaction_or_lock,commit
modules,contactform/classes/contactstore_class_inc.php,14,contactform,application,transaction_or_lock,rollback
modules,contactform/classes/contactstore_class_inc.php,16,contactform,application,transaction_or_lock,"FOR UPDATE"
modules,contactform/classes/contactstore_class_inc.php,21,contactform,application,transaction_or_lock,"FOR UPDATE"
modules,contactform/patches/installscripts_class_inc.php,8,contactform,application,connection_access,getDbObj(
modules,contactform/patches/installscripts_class_inc.php,11,contactform,application,mdb2_result_or_schema,->queryAll(
modules,contactform/patches/installscripts_class_inc.php,11,contactform,application,mdb2_symbol,MDB2_FETCHMODE_ASSOC
modules,contactform/tests/browser_fixture.php,7,contactform,test-or-operator,connection_access,getDbObj(
modules,contactform/tests/runtime_test.php,13,contactform,test-or-operator,connection_access,getDbObj(
modules,contentblocks/classes/contentblockbase_class_inc.php,78,contentblocks,application,raw_connection_member,->db->findByKey
modules,contentblocks/classes/contentblockbase_class_inc.php,82,contentblocks,application,raw_connection_member,->db->find
modules,contentblocks/classes/dbcontentblocks_class_inc.php,32,contentblocks,application,dbtable_subclass,"extends dbTable"
modules,contentblocks/controller.php,144,contentblocks,application,raw_connection_member,->db->find
modules,contentblocks/controller.php,156,contentblocks,application,raw_connection_member,->db->forScope
modules,contentblocks/controller.php,172,contentblocks,application,raw_connection_member,->db->find
modules,contentblocks/controller.php,223,contentblocks,application,raw_connection_member,->db->saveBlock
modules,contentblocks/controller.php,250,contentblocks,application,raw_connection_member,->db->find
modules,contentblocks/controller.php,255,contentblocks,application,raw_connection_member,->db->softDelete
modules,contentblocks/scripts/configure-publication-imports.php,6,contentblocks,test-or-operator,connection_access,getDbObj(
modules,contentblocks/scripts/configure-publication-imports.php,9,contentblocks,test-or-operator,pear_error,PEAR::isError
modules,contentblocks/scripts/configure-publication-imports.php,10,contentblocks,test-or-operator,mdb2_symbol,MDB2_FETCHMODE_ASSOC
modules,contentblocks/scripts/configure-publication-imports.php,12,contentblocks,test-or-operator,pear_error,PEAR::isError
modules,contentblocks/scripts/configure-publication-imports.php,15,contentblocks,test-or-operator,mdb2_symbol,MDB2_FETCHMODE_ASSOC
modules,contentblocks/scripts/configure-publication-imports.php,15,contentblocks,test-or-operator,pear_error,PEAR::isError
modules,contentblocks/scripts/configure-publication-imports.php,16,contentblocks,test-or-operator,pear_error,PEAR::isError
modules,contextcontent/classes/contentauthoringservice_class_inc.php,21,contextcontent,application,transaction_or_lock,beginTransaction
modules,contextcontent/classes/contentauthoringservice_class_inc.php,48,contextcontent,application,transaction_or_lock,beginTransaction
modules,contextcontent/classes/contextcontentingestconsumer_class_inc.php,32,contextcontent,application,transaction_or_lock,beginTransaction
modules,contextcontent/classes/db_contextcontent_activitystreamer_class_inc.php,58,contextcontent,application,dbtable_subclass,"extends dbtable"
modules,contextcontent/classes/db_contextcontent_activitystreamer_class_inc.php,65,contextcontent,application,connection_access,getDbObj(
modules,contextcontent/classes/db_contextcontent_activitystreamer_class_inc.php,165,contextcontent,application,raw_connection_member,->_db->quote
modules,contextcontent/classes/db_contextcontent_activitystreamer_class_inc.php,166,contextcontent,application,raw_connection_member,->_db->quote
modules,contextcontent/classes/db_contextcontent_activitystreamer_class_inc.php,182,contextcontent,application,raw_connection_member,->_db->quote
modules,contextcontent/classes/db_contextcontent_activitystreamer_class_inc.php,183,contextcontent,application,raw_connection_member,->_db->quote
modules,contextcontent/classes/db_contextcontent_bookmarks_class_inc.php,4,contextcontent,application,dbtable_subclass,"extends dbtable"
modules,contextcontent/classes/db_contextcontent_bookmarks_class_inc.php,9,contextcontent,application,connection_access,getDbObj(
modules,contextcontent/classes/db_contextcontent_bookmarks_class_inc.php,41,contextcontent,application,raw_connection_member,->_db->quote
modules,contextcontent/classes/db_contextcontent_chaptercontent_class_inc.php,49,contextcontent,application,dbtable_subclass,"extends dbtable"
modules,contextcontent/classes/db_contextcontent_chaptercontent_class_inc.php,66,contextcontent,application,connection_access,getDbObj(
modules,contextcontent/classes/db_contextcontent_chaptercontent_class_inc.php,161,contextcontent,application,raw_connection_member,->_db->quote
modules,contextcontent/classes/db_contextcontent_chaptercontent_class_inc.php,162,contextcontent,application,raw_connection_member,->_db->quote
modules,contextcontent/classes/db_contextcontent_chapters_class_inc.php,54,contextcontent,application,dbtable_subclass,"extends dbtable"
modules,contextcontent/classes/db_contextcontent_comment_class_inc.php,52,contextcontent,application,dbtable_subclass,"extends dbtable"
modules,contextcontent/classes/db_contextcontent_contextchapter_class_inc.php,50,contextcontent,application,dbtable_subclass,"extends dbtable"
modules,contextcontent/classes/db_contextcontent_involvement_class_inc.php,51,contextcontent,application,dbtable_subclass,"extends dbtable"
modules,contextcontent/classes/db_contextcontent_order_class_inc.php,50,contextcontent,application,dbtable_subclass,"extends dbtable"
modules,contextcontent/classes/db_contextcontent_order_class_inc.php,57,contextcontent,application,connection_access,getDbObj(
modules,contextcontent/classes/db_contextcontent_order_class_inc.php,102,contextcontent,application,raw_connection_member,->_db->quote
modules,contextcontent/classes/db_contextcontent_order_class_inc.php,119,contextcontent,application,raw_connection_member,->_db->quote
modules,contextcontent/classes/db_contextcontent_order_class_inc.php,149,contextcontent,application,raw_connection_member,->_db->quote
modules,contextcontent/classes/db_contextcontent_order_class_inc.php,150,contextcontent,application,raw_connection_member,->_db->quote
modules,contextcontent/classes/db_contextcontent_order_class_inc.php,175,contextcontent,application,raw_connection_member,->_db->quote
modules,contextcontent/classes/db_contextcontent_order_class_inc.php,176,contextcontent,application,raw_connection_member,->_db->quote
modules,contextcontent/classes/db_contextcontent_order_class_inc.php,200,contextcontent,application,raw_connection_member,->_db->quote
modules,contextcontent/classes/db_contextcontent_order_class_inc.php,207,contextcontent,application,raw_connection_member,->_db->quote
modules,contextcontent/classes/db_contextcontent_order_class_inc.php,493,contextcontent,application,raw_connection_member,->_db->quote
modules,contextcontent/classes/db_contextcontent_order_class_inc.php,494,contextcontent,application,raw_connection_member,->_db->quote
modules,contextcontent/classes/db_contextcontent_order_class_inc.php,647,contextcontent,application,raw_connection_member,->_db->quote
modules,contextcontent/classes/db_contextcontent_order_class_inc.php,648,contextcontent,application,raw_connection_member,->_db->quote
modules,contextcontent/classes/db_contextcontent_order_class_inc.php,1017,contextcontent,application,transaction_or_lock,beginTransaction
modules,contextcontent/classes/db_contextcontent_pages_class_inc.php,52,contextcontent,application,dbtable_subclass,"extends dbtable"
modules,contextcontent/classes/db_contextcontent_section_acknowledgements_class_inc.php,3,contextcontent,application,dbtable_subclass,"extends dbtable"
modules,contextcontent/classes/db_contextcontent_sections_class_inc.php,3,contextcontent,application,dbtable_subclass,"extends dbtable"
modules,contextcontent/classes/db_contextcontent_titles_class_inc.php,62,contextcontent,application,dbtable_subclass,"extends dbtable"
modules,contextcontent/classes/dbuseractivity_class_inc.php,6,contextcontent,application,dbtable_subclass,"extends dbtable"
modules,contextcontent/controller.php,633,contextcontent,application,transaction_or_lock,beginTransaction
modules,contextcontent/tests/contextcontent_rebuild_contract_test.php,46,contextcontent,test-or-operator,transaction_or_lock,beginTransaction
modules,contextinstructor/classes/dbcontextinstructor_class_inc.php,8,contextinstructor,application,dbtable_subclass,"extends dbTable"
modules,digitallibrary/classes/dbdigitallibrary_class_inc.php,26,digitallibrary,application,dbtable_subclass,"extends dbTable"
modules,discussion/classes/dbdiscussion_class_inc.php,16,discussion,application,dbtable_subclass,"extends dbTable"
modules,discussion/classes/dbdiscussion_default_ratings_class_inc.php,17,discussion,application,dbtable_subclass,"extends dbTable"
modules,discussion/classes/dbdiscussion_ratings_class_inc.php,17,discussion,application,dbtable_subclass,"extends dbTable"
modules,discussion/classes/dbdiscussionaimarkingjobs_class_inc.php,4,discussion,application,dbtable_subclass,"extends dbTable"
modules,discussion/classes/dbdiscussionassessmentmarks_class_inc.php,4,discussion,application,dbtable_subclass,"extends dbtable"
modules,discussion/classes/dbdiscussionsubscriptions_class_inc.php,19,discussion,application,dbtable_subclass,"extends dbtable"
modules,discussion/classes/dbdiscussionsubscriptions_class_inc.php,83,discussion,application,connection_access,getDbObj(
modules,discussion/classes/dbdiscussiontypes_class_inc.php,16,discussion,application,dbtable_subclass,"extends dbTable"
modules,discussion/classes/dbpost_class_inc.php,22,discussion,application,dbtable_subclass,"extends dbTable"
modules,discussion/classes/dbpost_ratings_class_inc.php,18,discussion,application,dbtable_subclass,"extends dbTable"
modules,discussion/classes/dbpostattachments_class_inc.php,18,discussion,application,dbtable_subclass,"extends dbTable"
modules,discussion/classes/dbposttext_class_inc.php,19,discussion,application,dbtable_subclass,"extends dbTable"
modules,discussion/classes/dbtempattachments_class_inc.php,17,discussion,application,dbtable_subclass,"extends dbTable"
modules,discussion/classes/dbtopic_class_inc.php,18,discussion,application,dbtable_subclass,"extends dbTable"
modules,discussion/classes/dbtopic_class_inc.php,507,discussion,application,transaction_or_lock,beginTransaction
modules,discussion/classes/dbtopic_class_inc.php,523,discussion,application,transaction_or_lock,beginTransaction
modules,discussion/classes/dbtopic_class_inc.php,539,discussion,application,transaction_or_lock,beginTransaction
modules,discussion/classes/dbtopic_class_inc.php,559,discussion,application,transaction_or_lock,beginTransaction
modules,discussion/classes/dbtopicread_class_inc.php,21,discussion,application,dbtable_subclass,"extends dbTable"
modules,discussion/classes/dbtopicsubscriptions_class_inc.php,19,discussion,application,dbtable_subclass,"extends dbtable"
modules,discussion/classes/dbtopicsubscriptions_class_inc.php,97,discussion,application,connection_access,getDbObj(
modules,discussion/classes/discussionsearch_class_inc.php,7,discussion,application,dbtable_subclass,"extends dbtable"
modules,discussion/classes/discussionstats_class_inc.php,16,discussion,application,dbtable_subclass,"extends dbTable"
modules,discussion/controller.php,659,discussion,application,transaction_or_lock,beginTransaction
modules,discussion/tests/discussion_topic_persistence_contract_test.php,12,discussion,test-or-operator,transaction_or_lock,beginTransaction
modules,dublincoremetadata/classes/dublincore_class_inc.php,19,dublincoremetadata,application,dbtable_subclass,"extends dbTable"
modules,entitlement-service/classes/entitlementservice_class_inc.php,7,entitlement-service,application,dbtable_subclass,"extends dbTable"
modules,entitlement-service/classes/entitlementservice_class_inc.php,47,entitlement-service,application,transaction_or_lock,beginTransaction
modules,entitlement-service/classes/entitlementservice_class_inc.php,104,entitlement-service,application,transaction_or_lock,beginTransaction
modules,entitlement-service/classes/entitlementservice_class_inc.php,391,entitlement-service,application,connection_access,getDbObj(
modules,entitlement-service/tests/entitlement_service_contract_test.php,51,entitlement-service,test-or-operator,connection_access,getDbObj(
modules,eportfolio/classes/db_eportfolio_activitystreamer_class_inc.php,58,eportfolio,application,dbtable_subclass,"extends dbtable"
modules,eportfolio/classes/dbeportfolio_activity_class_inc.php,12,eportfolio,application,dbtable_subclass,"extends dbTable"
modules,eportfolio/classes/dbeportfolio_address_class_inc.php,12,eportfolio,application,dbtable_subclass,"extends dbTable"
modules,eportfolio/classes/dbeportfolio_affiliation_class_inc.php,12,eportfolio,application,dbtable_subclass,"extends dbTable"
modules,eportfolio/classes/dbeportfolio_assertion_class_inc.php,12,eportfolio,application,dbtable_subclass,"extends dbTable"
modules,eportfolio/classes/dbeportfolio_category_class_inc.php,12,eportfolio,application,dbtable_subclass,"extends dbTable"
modules,eportfolio/classes/dbeportfolio_categorytypes_class_inc.php,12,eportfolio,application,dbtable_subclass,"extends dbTable"
modules,eportfolio/classes/dbeportfolio_comment_class_inc.php,12,eportfolio,application,dbtable_subclass,"extends dbTable"
modules,eportfolio/classes/dbeportfolio_competency_class_inc.php,12,eportfolio,application,dbtable_subclass,"extends dbTable"
modules,eportfolio/classes/dbeportfolio_contact_class_inc.php,12,eportfolio,application,dbtable_subclass,"extends dbTable"
modules,eportfolio/classes/dbeportfolio_demographics_class_inc.php,12,eportfolio,application,dbtable_subclass,"extends dbTable"
modules,eportfolio/classes/dbeportfolio_email_class_inc.php,12,eportfolio,application,dbtable_subclass,"extends dbTable"
modules,eportfolio/classes/dbeportfolio_goals_class_inc.php,12,eportfolio,application,dbtable_subclass,"extends dbTable"
modules,eportfolio/classes/dbeportfolio_interest_class_inc.php,12,eportfolio,application,dbtable_subclass,"extends dbTable"
modules,eportfolio/classes/dbeportfolio_product_class_inc.php,12,eportfolio,application,dbtable_subclass,"extends dbTable"
modules,eportfolio/classes/dbeportfolio_qcl_class_inc.php,12,eportfolio,application,dbtable_subclass,"extends dbTable"
modules,eportfolio/classes/dbeportfolio_reflection_class_inc.php,12,eportfolio,application,dbtable_subclass,"extends dbTable"
modules,eportfolio/classes/dbeportfolio_transcript_class_inc.php,12,eportfolio,application,dbtable_subclass,"extends dbTable"
modules,eportfolio/classes/eportfolioblocks_class_inc.php,42,eportfolio,application,dbtable_subclass,"extends dbTable"
modules,essay/classes/dbessay_book_class_inc.php,23,essay,application,dbtable_subclass,"extends dbTable"
modules,essay/classes/dbessay_topics_class_inc.php,23,essay,application,dbtable_subclass,"extends dbTable"
modules,essay/classes/dbessayaimarkingjobs_class_inc.php,5,essay,application,dbtable_subclass,"extends dbTable"
modules,essay/classes/dbessays_class_inc.php,22,essay,application,dbtable_subclass,"extends dbTable"
modules,essay/classes/dbzip_class_inc.php,13,essay,application,dbtable_subclass,"extends dbTable"
modules,etd/classes/dbcitations_class_inc.php,15,etd,application,dbtable_subclass,"extends dbTable"
modules,etd/classes/dbcollection_class_inc.php,21,etd,application,dbtable_subclass,"extends dbtable"
modules,etd/classes/dbcollectsubmit_class_inc.php,20,etd,application,dbtable_subclass,"extends dbtable"
modules,etd/classes/dbcopyright_class_inc.php,20,etd,application,dbtable_subclass,"extends dbtable"
modules,etd/classes/dbdegrees_class_inc.php,15,etd,application,dbtable_subclass,"extends dbTable"
modules,etd/classes/dbembargo_class_inc.php,21,etd,application,dbtable_subclass,"extends dbtable"
modules,etd/classes/dbfiles_class_inc.php,21,etd,application,dbtable_subclass,"extends dbtable"
modules,etd/classes/dbintro_class_inc.php,20,etd,application,dbtable_subclass,"extends dbtable"
modules,etd/classes/dbprocess_class_inc.php,22,etd,application,dbtable_subclass,"extends dbtable"
modules,etd/classes/dbstatistics_class_inc.php,15,etd,application,dbtable_subclass,"extends dbTable"
modules,etd/classes/dbsubmissions_class_inc.php,22,etd,application,dbtable_subclass,"extends dbtable"
modules,etd/classes/dbthesis_class_inc.php,24,etd,application,dbtable_subclass,"extends dbtable"
modules,etd/classes/etdfiles_class_inc.php,20,etd,application,dbtable_subclass,"extends dbtable"
modules,events/classes/eventstore_class_inc.php,6,events,application,dbtable_subclass,"extends dbTable"
modules,events/classes/eventstore_class_inc.php,14,events,application,connection_access,getDbObj(
modules,events/classes/eventstore_class_inc.php,22,events,application,transaction_or_lock,"FOR UPDATE"
modules,events/classes/eventstore_class_inc.php,23,events,application,connection_access,getDbObj(
modules,events/classes/eventstore_class_inc.php,23,events,application,mdb2_result_or_schema,->queryAll(
modules,events/classes/eventstore_class_inc.php,23,events,application,mdb2_symbol,MDB2_FETCHMODE_ASSOC
modules,events/classes/eventstore_class_inc.php,34,events,application,connection_access,getDbObj(
modules,events/classes/eventstore_class_inc.php,34,events,application,pear_error,PEAR::isError
modules,events/classes/eventstore_class_inc.php,34,events,application,pear_error,PEAR::isError
modules,events/classes/eventstore_class_inc.php,38,events,application,connection_access,getDbObj(
modules,events/classes/eventstore_class_inc.php,40,events,application,driver_state,->in_transaction
modules,events/classes/eventstore_class_inc.php,41,events,application,transaction_or_lock,beginTransaction
modules,events/classes/eventstore_class_inc.php,42,events,application,pear_error,PEAR::isError
modules,events/classes/eventstore_class_inc.php,44,events,application,transaction_or_lock,commit
modules,events/classes/eventstore_class_inc.php,45,events,application,pear_error,PEAR::isError
modules,events/classes/eventstore_class_inc.php,45,events,application,transaction_or_lock,commit
modules,events/classes/eventstore_class_inc.php,47,events,application,transaction_or_lock,rollback
modules,events/patches/installscripts_class_inc.php,12,events,application,connection_access,getDbObj(
modules,events/patches/installscripts_class_inc.php,12,events,application,mdb2_result_or_schema,->loadModule(
modules,events/patches/installscripts_class_inc.php,15,events,application,mdb2_result_or_schema,->queryAll(
modules,events/patches/installscripts_class_inc.php,15,events,application,mdb2_symbol,MDB2_FETCHMODE_ASSOC
modules,events/patches/installscripts_class_inc.php,22,events,application,driver_state,->manager
modules,events/patches/installscripts_class_inc.php,23,events,application,driver_state,->manager
modules,events/patches/installscripts_class_inc.php,24,events,application,pear_error,PEAR::isError
modules,events/patches/installscripts_class_inc.php,24,events,application,pear_error,PEAR::isError
modules,events/tests/browser_fixture.php,11,events,test-or-operator,mdb2_result_or_schema,->queryAll(
modules,events/tests/browser_fixture.php,11,events,test-or-operator,mdb2_symbol,MDB2_FETCHMODE_ASSOC
modules,events/tests/runtime_test.php,31,events,test-or-operator,connection_access,getDbObj(
modules,events/tests/runtime_test.php,113,events,test-or-operator,mdb2_result_or_schema,->queryAll(
modules,events/tests/runtime_test.php,113,events,test-or-operator,mdb2_symbol,MDB2_FETCHMODE_ASSOC
modules,eventscalendar/classes/dbeventscalendar_class_inc.php,19,eventscalendar,application,dbtable_subclass,"extends dbTable"
modules,eventscalendar/classes/dbeventscalendar_sharedevents_class_inc.php,5,eventscalendar,application,dbtable_subclass,"extends dbTable"
modules,eventscalendar/classes/dbeventscalendarcategories_class_inc.php,19,eventscalendar,application,dbtable_subclass,"extends dbTable"
modules,eventscalendar/classes/dbeventslookup_class_inc.php,19,eventscalendar,application,dbtable_subclass,"extends dbTable"
modules,examiners/classes/dbexams_class_inc.php,14,examiners,application,dbtable_subclass,"extends dbTable"
modules,faq/classes/dbfaqcategories_class_inc.php,15,faq,application,dbtable_subclass,"extends dbTable"
modules,faq/classes/dbfaqentries_class_inc.php,14,faq,application,dbtable_subclass,"extends dbTable"
modules,faq/classes/dbfaqtags_class_inc.php,3,faq,application,dbtable_subclass,"extends dbtable"
modules,faq26/classes/db_faq26_items_class_inc.php,4,faq26,application,dbtable_subclass,"extends dbTable"
modules,faq26/classes/faq26service_class_inc.php,19,faq26,application,raw_connection_member,->db->escapeSimple
modules,foaf/classes/dbfoaf_class_inc.php,29,foaf,application,dbtable_subclass,"extends dbtable"
modules,foaf/classes/dbfoafusers_class_inc.php,17,foaf,application,dbtable_subclass,"extends dbtable"
modules,formbuilder/classes/dbformbuilder_button_entity_class_inc.php,29,formbuilder,application,dbtable_subclass,"extends dbTable"
modules,formbuilder/classes/dbformbuilder_checkbox_entity_class_inc.php,29,formbuilder,application,dbtable_subclass,"extends dbTable"
modules,formbuilder/classes/dbformbuilder_datepicker_entity_class_inc.php,29,formbuilder,application,dbtable_subclass,"extends dbTable"
modules,formbuilder/classes/dbformbuilder_dropdown_entity_class_inc.php,29,formbuilder,application,dbtable_subclass,"extends dbTable"
modules,formbuilder/classes/dbformbuilder_form_elements_class_inc.php,29,formbuilder,application,dbtable_subclass,"extends dbTable"
modules,formbuilder/classes/dbformbuilder_form_list_class_inc.php,29,formbuilder,application,dbtable_subclass,"extends dbTable"
modules,formbuilder/classes/dbformbuilder_htmlheading_entity_class_inc.php,29,formbuilder,application,dbtable_subclass,"extends dbTable"
modules,formbuilder/classes/dbformbuilder_label_entity_class_inc.php,29,formbuilder,application,dbtable_subclass,"extends dbTable"
modules,formbuilder/classes/dbformbuilder_multiselect_dropdown_entity_class_inc.php,30,formbuilder,application,dbtable_subclass,"extends dbTable"
modules,formbuilder/classes/dbformbuilder_publish_options_class_inc.php,29,formbuilder,application,dbtable_subclass,"extends dbTable"
modules,formbuilder/classes/dbformbuilder_radio_entity_class_inc.php,29,formbuilder,application,dbtable_subclass,"extends dbTable"
modules,formbuilder/classes/dbformbuilder_submit_results_class_inc.php,29,formbuilder,application,dbtable_subclass,"extends dbTable"
modules,formbuilder/classes/dbformbuilder_textarea_entity_class_inc.php,28,formbuilder,application,dbtable_subclass,"extends dbTable"
modules,formbuilder/classes/dbformbuilder_textinput_entity_class_inc.php,29,formbuilder,application,dbtable_subclass,"extends dbTable"
modules,formbuilder/classes/dbformbuilder_user_help_content_class_inc.php,33,formbuilder,application,dbtable_subclass,"extends dbTable"
modules,forms/classes/dbformelements_class_inc.php,19,forms,application,dbtable_subclass,"extends dbTable"
modules,forms/classes/dbformrecords_class_inc.php,19,forms,application,dbtable_subclass,"extends dbTable"
modules,forms/classes/dbforms_class_inc.php,19,forms,application,dbtable_subclass,"extends dbTable"
modules,forms/classes/dbformsubrecords_class_inc.php,19,forms,application,dbtable_subclass,"extends dbTable"
modules,glossary/classes/dbglossary_class_inc.php,20,glossary,application,dbtable_subclass,"extends dbTable"
modules,glossary/classes/dbglossaryimages_class_inc.php,22,glossary,application,dbtable_subclass,"extends dbTable"
modules,glossary/classes/dbglossaryseealso_class_inc.php,20,glossary,application,dbtable_subclass,"extends dbTable"
modules,glossary/classes/dbglossaryurls_class_inc.php,19,glossary,application,dbtable_subclass,"extends dbTable"
modules,gradebook/classes/dbgradebookassessmentplanitems_class_inc.php,4,gradebook,application,dbtable_subclass,"extends dbtable"
modules,gradebook/classes/dbgradebookassessmentplans_class_inc.php,4,gradebook,application,dbtable_subclass,"extends dbtable"
modules,gradebook/patches/installscripts_class_inc.php,5,gradebook,application,dbtable_subclass,"extends dbtable"
modules,gradebook/patches/installscripts_class_inc.php,32,gradebook,application,mdb2_symbol,MDB2_OK
modules,gradebook/tests/schema_upgrade_test.php,4,gradebook,test-or-operator,mdb2_symbol,MDB2_OK
modules,gradebook/tests/schema_upgrade_test.php,15,gradebook,test-or-operator,mdb2_symbol,MDB2_OK
modules,gradebook/tests/schema_upgrade_test.php,21,gradebook,test-or-operator,mdb2_symbol,MDB2_OK
modules,happybirthday/classes/dbhappybirthday_class_inc.php,24,happybirthday,application,dbtable_subclass,"extends dbtable"
modules,homepage/classes/dbhomepages_class_inc.php,14,homepage,application,dbtable_subclass,"extends dbTable"
modules,homepage/classes/dbhomepageslog_class_inc.php,14,homepage,application,dbtable_subclass,"extends dbTable"
modules,host-service/classes/hostservice_class_inc.php,21,host-service,application,connection_access,getDbObj(
modules,host-service/classes/hostservice_class_inc.php,21,host-service,application,mdb2_result_or_schema,->queryAll(
modules,host-service/classes/hostservice_class_inc.php,21,host-service,application,mdb2_symbol,MDB2_FETCHMODE_ASSOC
modules,host-service/classes/hostservice_class_inc.php,63,host-service,application,connection_access,getDbObj(
modules,host-service/classes/hostservice_class_inc.php,66,host-service,application,pear_error,PEAR::isError
modules,host-service/patches/installscripts_class_inc.php,10,host-service,application,connection_access,getDbObj(
modules,host-service/patches/installscripts_class_inc.php,10,host-service,application,mdb2_result_or_schema,->queryAll(
modules,host-service/patches/installscripts_class_inc.php,10,host-service,application,mdb2_symbol,MDB2_FETCHMODE_ASSOC
modules,host-service/patches/installscripts_class_inc.php,13,host-service,application,driver_state,->manager
modules,host-service/patches/installscripts_class_inc.php,13,host-service,application,mdb2_result_or_schema,->loadModule(
modules,host-service/patches/installscripts_class_inc.php,13,host-service,application,pear_error,PEAR::isError
modules,im/classes/dbim_class_inc.php,31,im,application,dbtable_subclass,"extends dbTable"
modules,im/classes/dbimpresence_class_inc.php,31,im,application,dbtable_subclass,"extends dbTable"
modules,im/classes/dbimusers_class_inc.php,31,im,application,dbtable_subclass,"extends dbTable"
modules,ingestservice/classes/db_ingestservice_runs_class_inc.php,4,ingestservice,application,dbtable_subclass,"extends dbtable"
modules,ingestservice/classes/db_ingestservice_runs_class_inc.php,10,ingestservice,application,connection_access,getDbObj(
modules,ingestservice/classes/db_ingestservice_runs_class_inc.php,21,ingestservice,application,raw_connection_member,->db->quote
modules,ingestservice/classes/db_ingestservice_runs_class_inc.php,22,ingestservice,application,raw_connection_member,->db->quote
modules,ingestservice/classes/db_ingestservice_runs_class_inc.php,23,ingestservice,application,raw_connection_member,->db->quote
modules,kanban/classes/dbkanbanaccess_class_inc.php,3,kanban,application,dbtable_subclass,"extends dbTable"
modules,kanban/classes/dbkanbanaccess_class_inc.php,16,kanban,application,transaction_or_lock,COMMIT
modules,kanban/classes/dbkanbanaccess_class_inc.php,16,kanban,application,transaction_or_lock,commit
modules,kanban/classes/dbkanbanaccess_class_inc.php,18,kanban,application,transaction_or_lock,ROLLBACK
modules,kanban/classes/dbkanbanaccess_class_inc.php,27,kanban,application,transaction_or_lock,COMMIT
modules,kanban/classes/dbkanbanaccess_class_inc.php,27,kanban,application,transaction_or_lock,commit
modules,kanban/classes/dbkanbanaccess_class_inc.php,29,kanban,application,transaction_or_lock,ROLLBACK
modules,kanban/classes/dbkanbanaccess_class_inc.php,32,kanban,application,connection_access,getDbObj(
modules,kanban/classes/dbkanbanboards_class_inc.php,3,kanban,application,dbtable_subclass,"extends dbTable"
modules,kanban/classes/dbkanbanboards_class_inc.php,14,kanban,application,connection_access,getDbObj(
modules,kanban/classes/dbkanbansubtasks_class_inc.php,3,kanban,application,dbtable_subclass,"extends dbTable"
modules,kanban/classes/dbkanbansubtasks_class_inc.php,14,kanban,application,transaction_or_lock,"FOR UPDATE"
modules,kanban/classes/dbkanbansubtasks_class_inc.php,16,kanban,application,transaction_or_lock,ROLLBACK
modules,kanban/classes/dbkanbansubtasks_class_inc.php,18,kanban,application,transaction_or_lock,COMMIT
modules,kanban/classes/dbkanbansubtasks_class_inc.php,18,kanban,application,transaction_or_lock,commit
modules,kanban/classes/dbkanbansubtasks_class_inc.php,20,kanban,application,transaction_or_lock,ROLLBACK
modules,kanban/classes/dbkanbansubtasks_class_inc.php,24,kanban,application,connection_access,getDbObj(
modules,kanban/classes/dbkanbantasks_class_inc.php,3,kanban,application,dbtable_subclass,"extends dbTable"
modules,kanban/classes/dbkanbantasks_class_inc.php,12,kanban,application,connection_access,getDbObj(
modules,kanban/tests/grant_recovery_test.php,8,kanban,test-or-operator,transaction_or_lock,ROLLBACK
modules,kanban/tests/grant_recovery_test.php,15,kanban,test-or-operator,connection_access,getDbObj(
modules,kanban/tests/subtask_edit_test.php,15,kanban,test-or-operator,transaction_or_lock,"FOR UPDATE"
modules,kanban/tests/subtask_edit_test.php,20,kanban,test-or-operator,connection_access,getDbObj(
modules,kanban/tests/subtask_edit_test.php,24,kanban,test-or-operator,transaction_or_lock,ROLLBACK
modules,kanban/tests/subtask_edit_test.php,24,kanban,test-or-operator,transaction_or_lock,rollback
modules,kanban/tests/subtask_edit_test.php,25,kanban,test-or-operator,transaction_or_lock,rollback
modules,karmapoints/classes/dbkarma_class_inc.php,23,karmapoints,application,dbtable_subclass,"extends dbTable"
modules,knowledgemap/classes/dbknowledgemapaccess_class_inc.php,11,knowledgemap,application,dbtable_subclass,"extends dbTable"
modules,knowledgemap/classes/dbknowledgemapaccess_class_inc.php,32,knowledgemap,application,transaction_or_lock,COMMIT
modules,knowledgemap/classes/dbknowledgemapaccess_class_inc.php,32,knowledgemap,application,transaction_or_lock,commit
modules,knowledgemap/classes/dbknowledgemapaccess_class_inc.php,32,knowledgemap,application,transaction_or_lock,ROLLBACK
modules,knowledgemap/classes/dbknowledgemapaccess_class_inc.php,35,knowledgemap,application,connection_access,getDbObj(
modules,knowledgemap/classes/dbknowledgemapnodes_class_inc.php,11,knowledgemap,application,dbtable_subclass,"extends dbTable"
modules,knowledgemap/classes/dbknowledgemapnodes_class_inc.php,26,knowledgemap,application,connection_access,getDbObj(
modules,knowledgemap/classes/dbknowledgemaprelationships_class_inc.php,11,knowledgemap,application,dbtable_subclass,"extends dbTable"
modules,knowledgemap/classes/dbknowledgemaprelationships_class_inc.php,26,knowledgemap,application,connection_access,getDbObj(
modules,knowledgemap/classes/dbknowledgemaps_class_inc.php,16,knowledgemap,application,dbtable_subclass,"extends dbTable"
modules,knowledgemap/classes/dbknowledgemaps_class_inc.php,37,knowledgemap,application,transaction_or_lock,"FOR UPDATE"
modules,knowledgemap/classes/dbknowledgemaps_class_inc.php,52,knowledgemap,application,transaction_or_lock,beginTransaction
modules,knowledgemap/classes/dbknowledgemaps_class_inc.php,55,knowledgemap,application,transaction_or_lock,COMMIT
modules,knowledgemap/classes/dbknowledgemaps_class_inc.php,58,knowledgemap,application,transaction_or_lock,ROLLBACK
modules,knowledgemap/classes/dbknowledgemaps_class_inc.php,61,knowledgemap,application,connection_access,getDbObj(
modules,knowledgemap/classes/knowledgemapimportservice_class_inc.php,25,knowledgemap,application,transaction_or_lock,beginTransaction
modules,knowledgemap/classes/knowledgemapservice_class_inc.php,32,knowledgemap,application,transaction_or_lock,beginTransaction
modules,knowledgemap/controller.php,39,knowledgemap,application,transaction_or_lock,beginTransaction
modules,knowledgemap/tests/knowledgemap_contract_test.php,23,knowledgemap,test-or-operator,transaction_or_lock,beginTransaction
modules,knowledgemap/tests/knowledgemap_contract_test.php,25,knowledgemap,test-or-operator,transaction_or_lock,commit
modules,knowledgemap/tests/knowledgemap_contract_test.php,55,knowledgemap,test-or-operator,transaction_or_lock,"FOR UPDATE"
modules,langadmin/classes/dbhiddenlangs_class_inc.php,27,langadmin,application,dbtable_subclass,"extends dbtable"
modules,langadmin/classes/dblanguageadmin_class_inc.php,13,langadmin,application,dbtable_subclass,"extends dbtable"
modules,langadmin/classes/dblanguagetext_class_inc.php,27,langadmin,application,dbtable_subclass,"extends dbtable"
modules,languagetextgenerator/classes/dbenglish_class_inc.php,7,languagetextgenerator,application,dbtable_subclass,"extends dbTable"
modules,legal-acceptance-service/classes/legalacceptanceservice_class_inc.php,7,legal-acceptance-service,application,dbtable_subclass,"extends dbTable"
modules,legal-acceptance-service/classes/legalacceptanceservice_class_inc.php,44,legal-acceptance-service,application,transaction_or_lock,beginTransaction
modules,legal-acceptance-service/classes/legalacceptanceservice_class_inc.php,239,legal-acceptance-service,application,connection_access,getDbObj(
modules,legal-acceptance-service/tests/legal_acceptance_service_contract_test.php,20,legal-acceptance-service,test-or-operator,transaction_or_lock,beginTransaction
modules,legal-acceptance-service/tests/legal_acceptance_service_contract_test.php,26,legal-acceptance-service,test-or-operator,connection_access,getDbObj(
modules,libraryexams/classes/dbcourseunits_class_inc.php,19,libraryexams,application,dbtable_subclass,"extends dbTable"
modules,libraryexams/classes/dbdepartments_class_inc.php,19,libraryexams,application,dbtable_subclass,"extends dbTable"
modules,libraryexams/classes/dbfaculty_class_inc.php,19,libraryexams,application,dbtable_subclass,"extends dbTable"
modules,libraryexams/classes/dbpaper_class_inc.php,19,libraryexams,application,dbtable_subclass,"extends dbTable"
modules,livechat/classes/dblivechat_class_inc.php,3,livechat,application,dbtable_subclass,"extends dbtable"
modules,liveclass/classes/dbliveclassreminders_class_inc.php,3,liveclass,application,dbtable_subclass,"extends dbTable"
modules,liveclass/classes/dbliveclassreminders_class_inc.php,11,liveclass,application,connection_access,getDbObj(
modules,liveclass/classes/dbliveclasssessions_class_inc.php,3,liveclass,application,dbtable_subclass,"extends dbTable"
modules,liveclass/classes/dbliveclasssessions_class_inc.php,11,liveclass,application,connection_access,getDbObj(
modules,maillist/classes/dbmaillist_class_inc.php,14,maillist,application,dbtable_subclass,"extends dbTable"
modules,maillist/controller.php,142,maillist,application,raw_connection_member,->objDb->getRecords
modules,maillist/controller.php,171,maillist,application,raw_connection_member,->objDb->getID
modules,maillist/controller.php,175,maillist,application,raw_connection_member,->objDb->getListName
modules,maillist/controller.php,180,maillist,application,raw_connection_member,->objDb->getMailAddys
modules,maillist/controller.php,191,maillist,application,raw_connection_member,->objDb->clearTable
modules,maillist/controller.php,243,maillist,application,raw_connection_member,->objDb->setDefaultList
modules,maillist/controller.php,247,maillist,application,raw_connection_member,->objDb->insertListDetails
modules,mcqtests/classes/bankservice_class_inc.php,90,mcqtests,application,transaction_or_lock,"FOR UPDATE"
modules,mcqtests/classes/bankstore_class_inc.php,4,mcqtests,application,dbtable_subclass,"extends dbTable"
modules,mcqtests/classes/bankstore_class_inc.php,7,mcqtests,application,connection_access,getDbObj(
modules,mcqtests/classes/bankstore_class_inc.php,10,mcqtests,application,connection_access,getDbObj(
modules,mcqtests/classes/bankstore_class_inc.php,12,mcqtests,application,mdb2_result_or_schema,->queryAll(
modules,mcqtests/classes/bankstore_class_inc.php,13,mcqtests,application,pear_error,PEAR::isError
modules,mcqtests/classes/bankstore_class_inc.php,18,mcqtests,application,transaction_or_lock,"FOR UPDATE"
modules,mcqtests/classes/bankstore_class_inc.php,23,mcqtests,application,transaction_or_lock,beginTransaction
modules,mcqtests/classes/chapterquizgenerator_class_inc.php,65,mcqtests,application,transaction_or_lock,beginTransaction
modules,mcqtests/classes/dbanswers_class_inc.php,20,mcqtests,application,dbtable_subclass,"extends dbtable"
modules,mcqtests/classes/dbblocks_class_inc.php,41,mcqtests,application,dbtable_subclass,"extends dbTable"
modules,mcqtests/classes/dbcategory_class_inc.php,21,mcqtests,application,dbtable_subclass,"extends dbtable"
modules,mcqtests/classes/dbchapterquizjobs_class_inc.php,5,mcqtests,application,dbtable_subclass,"extends dbTable"
modules,mcqtests/classes/dbdataset_definitions_class_inc.php,21,mcqtests,application,dbtable_subclass,"extends dbtable"
modules,mcqtests/classes/dbdataset_items_class_inc.php,21,mcqtests,application,dbtable_subclass,"extends dbtable"
modules,mcqtests/classes/dbdatasets_class_inc.php,21,mcqtests,application,dbtable_subclass,"extends dbtable"
modules,mcqtests/classes/dbdescription_class_inc.php,21,mcqtests,application,dbtable_subclass,"extends dbtable"
modules,mcqtests/classes/dbmarked_class_inc.php,21,mcqtests,application,dbtable_subclass,"extends dbtable"
modules,mcqtests/classes/dbnumericalunits_class_inc.php,20,mcqtests,application,dbtable_subclass,"extends dbtable"
modules,mcqtests/classes/dbnumericalunitsoptions_class_inc.php,20,mcqtests,application,dbtable_subclass,"extends dbtable"
modules,mcqtests/classes/dbquestion_answers_class_inc.php,20,mcqtests,application,dbtable_subclass,"extends dbtable"
modules,mcqtests/classes/dbquestion_calculated_class_inc.php,20,mcqtests,application,dbtable_subclass,"extends dbtable"
modules,mcqtests/classes/dbquestion_matching_class_inc.php,21,mcqtests,application,dbtable_subclass,"extends dbtable"
modules,mcqtests/classes/dbquestion_multianswers_class_inc.php,20,mcqtests,application,dbtable_subclass,"extends dbtable"
modules,mcqtests/classes/dbquestion_numerical_class_inc.php,20,mcqtests,application,dbtable_subclass,"extends dbtable"
modules,mcqtests/classes/dbquestions_class_inc.php,22,mcqtests,application,dbtable_subclass,"extends dbtable"
modules,mcqtests/classes/dbrandom_matching_class_inc.php,21,mcqtests,application,dbtable_subclass,"extends dbtable"
modules,mcqtests/classes/dbresults_class_inc.php,21,mcqtests,application,dbtable_subclass,"extends dbtable"
modules,mcqtests/classes/dbshortanswer_class_inc.php,21,mcqtests,application,dbtable_subclass,"extends dbtable"
modules,mcqtests/classes/dbtag_class_inc.php,21,mcqtests,application,dbtable_subclass,"extends dbtable"
modules,mcqtests/classes/dbtag_correlation_class_inc.php,21,mcqtests,application,dbtable_subclass,"extends dbtable"
modules,mcqtests/classes/dbtag_instance_class_inc.php,21,mcqtests,application,dbtable_subclass,"extends dbtable"
modules,mcqtests/classes/dbtestadmin_class_inc.php,20,mcqtests,application,dbtable_subclass,"extends dbtable"
modules,mcqtests/controller.php,2355,mcqtests,application,transaction_or_lock,beginTransaction
modules,mcqtests/patches/installscripts_class_inc.php,8,mcqtests,application,connection_access,getDbObj(
modules,mcqtests/patches/installscripts_class_inc.php,12,mcqtests,application,mdb2_result_or_schema,->mgListTableConstraints(
modules,mcqtests/patches/installscripts_class_inc.php,18,mcqtests,application,pear_error,PEAR::isError
modules,mcqtests/tests/bank_integration_test.php,11,mcqtests,test-or-operator,connection_access,getDbObj(
modules,mcqtests/tests/bank_integration_test.php,53,mcqtests,test-or-operator,transaction_or_lock,rollback
modules,mcqtests/tests/bank_integration_test.php,53,mcqtests,test-or-operator,transaction_or_lock,rollback
modules,mcqtests/tests/bank_integration_test.php,55,mcqtests,test-or-operator,transaction_or_lock,rollback
modules,mcqtests/tests/bank_integration_test.php,56,mcqtests,test-or-operator,transaction_or_lock,rollback
modules,membership-service/classes/membershipauthorizationservice_class_inc.php,7,membership-service,application,dbtable_subclass,"extends dbTable"
modules,membership-service/classes/membershipauthorizationservice_class_inc.php,226,membership-service,application,connection_access,getDbObj(
modules,membership-service/classes/membershipservice_class_inc.php,7,membership-service,application,dbtable_subclass,"extends dbTable"
modules,membership-service/classes/membershipservice_class_inc.php,163,membership-service,application,transaction_or_lock,beginTransaction
modules,membership-service/classes/membershipservice_class_inc.php,199,membership-service,application,transaction_or_lock,beginTransaction
modules,membership-service/classes/membershipservice_class_inc.php,262,membership-service,application,transaction_or_lock,beginTransaction
modules,membership-service/classes/membershipservice_class_inc.php,487,membership-service,application,connection_access,getDbObj(
modules,membership-service/classes/membershipservice_class_inc.php,505,membership-service,application,pear_error,PEAR::isError
modules,membership-service/classes/membershipservice_class_inc.php,508,membership-service,application,pear_error,PEAR_Error
modules,membership-service/classes/privateadmissionservice_class_inc.php,5,membership-service,application,dbtable_subclass,"extends dbTable"
modules,membership-service/classes/privateadmissionservice_class_inc.php,51,membership-service,application,transaction_or_lock,beginTransaction
modules,membership-service/classes/privateadmissionservice_class_inc.php,99,membership-service,application,transaction_or_lock,beginTransaction
modules,membership-service/classes/privateadmissionservice_class_inc.php,143,membership-service,application,transaction_or_lock,beginTransaction
modules,membership-service/classes/privateadmissionservice_class_inc.php,162,membership-service,application,transaction_or_lock,beginTransaction
modules,membership-service/classes/privateadmissionservice_class_inc.php,214,membership-service,application,connection_access,getDbObj(
modules,membership-service/tests/membership_service_contract_test.php,55,membership-service,test-or-operator,pear_error,PEAR::isError
modules,membership-service/tests/membership_service_contract_test.php,56,membership-service,test-or-operator,pear_error,PEAR_Error
modules,mentors/classes/mentorfuncs_class_inc.php,14,mentors,application,dbtable_subclass,"extends dbTable"
modules,messaging/classes/dbmessaging_class_inc.php,14,messaging,application,dbtable_subclass,"extends dbTable"
modules,myadmin/classes/mailqueuehealth_class_inc.php,4,myadmin,application,dbtable_subclass,"extends dbTable"
modules,myadmin/classes/sitemetrics_class_inc.php,3,myadmin,application,dbtable_subclass,"extends dbTable"
modules,myadmin/classes/sitemetrics_class_inc.php,9,myadmin,application,connection_access,getDbObj(
modules,notifications/classes/dbnotificationevents_class_inc.php,4,notifications,application,dbtable_subclass,"extends dbTable"
modules,notifications/classes/dbnotificationrecipients_class_inc.php,4,notifications,application,dbtable_subclass,"extends dbTable"
modules,notifications/classes/dbnotificationrecipients_class_inc.php,17,notifications,application,connection_access,getDbObj(
modules,notifications/classes/notificationservice_class_inc.php,10,notifications,application,transaction_or_lock,beginTransaction
modules,notifications/tests/notifications_contract_test.php,4,notifications,test-or-operator,transaction_or_lock,beginTransaction
modules,notifications/tests/notificationservice_behavior_test.php,16,notifications,test-or-operator,transaction_or_lock,beginTransaction
modules,oer/classes/dbcalendar_class_inc.php,8,oer,application,dbtable_subclass,"extends dbTable"
modules,oer/classes/dbcurriculums_class_inc.php,8,oer,application,dbtable_subclass,"extends dbTable"
modules,oer/classes/dbfeaturedproduct_class_inc.php,8,oer,application,dbtable_subclass,"extends dbtable"
modules,oer/classes/dbgroupinstitutions_class_inc.php,8,oer,application,dbtable_subclass,"extends dbtable"
modules,oer/classes/dbgroups_class_inc.php,61,oer,application,dbtable_subclass,"extends dbtable"
modules,oer/classes/dbinstitution_class_inc.php,18,oer,application,dbtable_subclass,"extends dbtable"
modules,oer/classes/dbinstitutiontypes_class_inc.php,27,oer,application,dbtable_subclass,"extends dbtable"
modules,oer/classes/dbkeywords_class_inc.php,31,oer,application,dbtable_subclass,"extends dbtable"
modules,oer/classes/dboer_adaptations_class_inc.php,37,oer,application,dbtable_subclass,"extends dbTable"
modules,oer/classes/dboer_downloaders_class_inc.php,38,oer,application,dbtable_subclass,"extends dbTable"
modules,oer/classes/dbproductcomments_class_inc.php,31,oer,application,dbtable_subclass,"extends dbTable"
modules,oer/classes/dbproductrating_class_inc.php,29,oer,application,dbtable_subclass,"extends dbtable"
modules,oer/classes/dbproducts_class_inc.php,28,oer,application,dbtable_subclass,"extends dbtable"
modules,oer/classes/dbproductthemes_class_inc.php,33,oer,application,dbtable_subclass,"extends dbtable"
modules,oer/classes/dbsectioncontent_class_inc.php,32,oer,application,dbtable_subclass,"extends dbTable"
modules,oer/classes/dbsectionnodes_class_inc.php,32,oer,application,dbtable_subclass,"extends dbTable"
modules,oer/classes/dbthemes_class_inc.php,27,oer,application,dbtable_subclass,"extends dbtable"
modules,oer/classes/dbumbrellathemes_class_inc.php,8,oer,application,dbtable_subclass,"extends dbtable"
modules,oer/classes/dbusergroups_class_inc.php,18,oer,application,dbtable_subclass,"extends dbtable"
modules,oer/classes/dbyear_class_inc.php,8,oer,application,dbtable_subclass,"extends dbTable"
modules,oeruserdata/classes/dboeruserdata_class_inc.php,52,oeruserdata,application,dbtable_subclass,"extends dbtable"
modules,oeruserdata/classes/dboerusermain_class_inc.php,52,oeruserdata,application,dbtable_subclass,"extends dbtable"
modules,oeruserdata/patches/installscripts_class_inc.php,62,oeruserdata,application,dbtable_subclass,"extends dbtable"
modules,offlineassessment/classes/dbofflineassessmentmarkhistory_class_inc.php,3,offlineassessment,application,dbtable_subclass,"extends dbtable"
modules,offlineassessment/classes/dbofflineassessmentmarks_class_inc.php,3,offlineassessment,application,dbtable_subclass,"extends dbtable"
modules,offlineassessment/classes/dbofflineassessments_class_inc.php,3,offlineassessment,application,dbtable_subclass,"extends dbtable"
modules,offlineassessment/classes/dbofflineassessmenttypes_class_inc.php,3,offlineassessment,application,dbtable_subclass,"extends dbtable"
modules,pagenotes/classes/dbnoteaccess_class_inc.php,10,pagenotes,application,dbtable_subclass,"extends dbTable"
modules,pagenotes/classes/dbnoteaccess_class_inc.php,21,pagenotes,application,connection_access,getDbObj(
modules,pagenotes/classes/dbnotelinks_class_inc.php,10,pagenotes,application,dbtable_subclass,"extends dbTable"
modules,pagenotes/classes/dbnotelinks_class_inc.php,25,pagenotes,application,connection_access,getDbObj(
modules,pagenotes/classes/dbnotes_class_inc.php,10,pagenotes,application,dbtable_subclass,"extends dbTable"
modules,pagenotes/classes/dbnotes_class_inc.php,27,pagenotes,application,connection_access,getDbObj(
modules,pagenotes_DEPRECATED/classes/dbpageannotations_class_inc.php,65,pagenotes_DEPRECATED,retired-review,dbtable_subclass,"extends dbtable"
modules,pagenotes_DEPRECATED/classes/dbpagenotes_class_inc.php,67,pagenotes_DEPRECATED,retired-review,dbtable_subclass,"extends dbtable"
modules,pagenotes_DEPRECATED/controller.php,192,pagenotes_DEPRECATED,retired-review,raw_connection_member,->objDb->save
modules,pagenotes_DEPRECATED/controller.php,244,pagenotes_DEPRECATED,retired-review,raw_connection_member,->objDb->save
modules,pastpapers/classes/dbanswers_class_inc.php,9,pastpapers,application,dbtable_subclass,"extends dbTable"
modules,pastpapers/classes/pastpaper_class_inc.php,9,pastpapers,application,dbtable_subclass,"extends dbTable"
modules,payment-service/classes/dbcontributions_class_inc.php,4,payment-service,application,dbtable_subclass,"extends dbTable"
modules,payment-service/classes/dbpaymentevents_class_inc.php,3,payment-service,application,dbtable_subclass,"extends dbTable"
modules,payment-service/classes/dbpaymentevents_class_inc.php,14,payment-service,application,connection_access,getDbObj(
modules,payment-service/classes/dbpaymentintents_class_inc.php,3,payment-service,application,dbtable_subclass,"extends dbTable"
modules,payment-service/classes/dbpaymentintents_class_inc.php,12,payment-service,application,connection_access,getDbObj(
modules,payment-service/classes/dbpaymentprices_class_inc.php,3,payment-service,application,dbtable_subclass,"extends dbTable"
modules,payment-service/classes/dbpaymentprices_class_inc.php,9,payment-service,application,connection_access,getDbObj(
modules,payment-service/classes/dbpaymentproducts_class_inc.php,3,payment-service,application,dbtable_subclass,"extends dbTable"
modules,payment-service/classes/dbpaymentproviderplans_class_inc.php,3,payment-service,application,dbtable_subclass,"extends dbTable"
modules,payment-service/classes/dbpaymentproviderplans_class_inc.php,8,payment-service,application,connection_access,getDbObj(
modules,payment-service/classes/dbpayments_class_inc.php,3,payment-service,application,dbtable_subclass,"extends dbTable"
modules,payment-service/classes/dbpayments_class_inc.php,13,payment-service,application,connection_access,getDbObj(
modules,payment-service/classes/dbpaymentsubscriptions_class_inc.php,3,payment-service,application,dbtable_subclass,"extends dbTable"
modules,payment-service/classes/dbpaymentsubscriptions_class_inc.php,10,payment-service,application,connection_access,getDbObj(
modules,payment-service/classes/dbpaymenttiercontent_class_inc.php,3,payment-service,application,dbtable_subclass,"extends dbTable"
modules,payment-service/patches/installscripts_class_inc.php,16,payment-service,application,connection_access,getDbObj(
modules,payment-service/patches/installscripts_class_inc.php,17,payment-service,application,pear_error,PEAR::isError
modules,payment-service/scripts/upgrade-contribution-schema.php,7,payment-service,test-or-operator,connection_access,getDbObj(
modules,payment-service/scripts/upgrade-contribution-schema.php,8,payment-service,test-or-operator,mdb2_symbol,MDB2_FETCHMODE_ASSOC
modules,payment-service/scripts/upgrade-contribution-schema.php,8,payment-service,test-or-operator,pear_error,PEAR::isError
modules,payment-service/scripts/upgrade-contribution-schema.php,12,payment-service,test-or-operator,pear_error,PEAR::isError
modules,pbl/classes/dbassocs_class_inc.php,28,pbl,application,dbtable_subclass,"extends dbTable"
modules,pbl/classes/dbcases_class_inc.php,29,pbl,application,dbtable_subclass,"extends dbTable"
modules,pbl/classes/dbchat_class_inc.php,29,pbl,application,dbtable_subclass,"extends dbTable"
modules,pbl/classes/dbclass_class_inc.php,21,pbl,application,dbtable_subclass,"extends dbTable"
modules,pbl/classes/dbclassroom_class_inc.php,27,pbl,application,dbtable_subclass,"extends dbTable"
modules,pbl/classes/dbcontent_class_inc.php,27,pbl,application,dbtable_subclass,"extends dbTable"
modules,pbl/classes/dbloggedin_class_inc.php,28,pbl,application,dbtable_subclass,"extends dbTable"
modules,pbl/classes/dbscenes_class_inc.php,28,pbl,application,dbtable_subclass,"extends dbTable"
modules,pbl/classes/dbtype_class_inc.php,30,pbl,application,dbtable_subclass,"extends dbTable"
modules,pdf/classes/zpdf_class_inc.php,66,pdf,application,transaction_or_lock,rollback
modules,personalspace/classes/dbpersonalspaceblocks_class_inc.php,60,personalspace,application,dbtable_subclass,"extends dbTable"
modules,phonebook/classes/dbcontacts_class_inc.php,68,phonebook,application,dbtable_subclass,"extends dbTable"
modules,photostack/classes/dbstack_class_inc.php,56,photostack,application,dbtable_subclass,"extends dbtable"
modules,phpunit/classes/codeanalyzer_class_inc.php,85,phpunit,application,mdb2_symbol,MDB2
modules,phpunit/classes/codeanalyzer_class_inc.php,442,phpunit,application,mdb2_symbol,MDB2
modules,phpunit/classes/codeanalyzer_class_inc.php,476,phpunit,application,mdb2_symbol,MDB2
modules,phpunit/classes/codeanalyzer_class_inc.php,508,phpunit,application,mdb2_symbol,MDB2
modules,phpunit/classes/codeanalyzer_class_inc.php,603,phpunit,application,mdb2_symbol,MDB2
modules,phpunit/classes/dblog_class_inc.php,19,phpunit,application,dbtable_subclass,"extends dbTable"
modules,phpunit/classes/dbreports_class_inc.php,19,phpunit,application,dbtable_subclass,"extends dbTable"
modules,phpunit/classes/generate_class_inc.php,46,phpunit,application,connection_access,getDbManagementObj(
modules,poll/classes/dbanswers_class_inc.php,20,poll,application,dbtable_subclass,"extends dbtable"
modules,poll/classes/dbpoll_class_inc.php,20,poll,application,dbtable_subclass,"extends dbtable"
modules,poll/classes/dbquestions_class_inc.php,20,poll,application,dbtable_subclass,"extends dbtable"
modules,poll/classes/dbresponse_class_inc.php,20,poll,application,dbtable_subclass,"extends dbtable"
modules,practicals/classes/dbpracticals_class_inc.php,54,practicals,application,dbtable_subclass,"extends dbtable"
modules,practicals/classes/dbpracticalslearningoutcomes_class_inc.php,49,practicals,application,dbtable_subclass,"extends dbtable"
modules,practicals/classes/dbpracticalssubmit_class_inc.php,41,practicals,application,dbtable_subclass,"extends dbtable"
modules,practicals/classes/dbpracticalsuploadablefiletypes_class_inc.php,50,practicals,application,dbtable_subclass,"extends dbtable"
modules,practicals/classes/dbpracticalsworkgroups_class_inc.php,49,practicals,application,dbtable_subclass,"extends dbtable"
modules,profiles/classes/dbprofiles_class_inc.php,16,profiles,application,dbtable_subclass,"extends dbTable"
modules,qrcreator/classes/dbqr_class_inc.php,23,qrcreator,application,dbtable_subclass,"extends dbTable"
modules,qrreview/classes/dbqrreview_class_inc.php,23,qrreview,application,dbtable_subclass,"extends dbTable"
modules,questiongenerator/classes/examstore_class_inc.php,4,questiongenerator,application,dbtable_subclass,"extends dbTable"
modules,questiongenerator/classes/examstore_class_inc.php,7,questiongenerator,application,connection_access,getDbObj(
modules,questiongenerator/classes/examstore_class_inc.php,7,questiongenerator,application,mdb2_result_or_schema,->setCharset(
modules,questiongenerator/classes/examstore_class_inc.php,25,questiongenerator,application,transaction_or_lock,beginTransaction
modules,questiongenerator/classes/examstore_class_inc.php,27,questiongenerator,application,transaction_or_lock,"FOR UPDATE"
modules,questiongenerator/classes/examstore_class_inc.php,36,questiongenerator,application,transaction_or_lock,beginTransaction
modules,questiongenerator/classes/examstore_class_inc.php,38,questiongenerator,application,transaction_or_lock,"FOR UPDATE"
modules,questiongenerator/classes/examstore_class_inc.php,51,questiongenerator,application,pear_error,PEAR_Error
modules,questiongenerator/classes/examstore_class_inc.php,52,questiongenerator,application,connection_access,getDbObj(
modules,questiongenerator/classes/examstore_class_inc.php,52,questiongenerator,application,mdb2_result_or_schema,->queryAll(
modules,questiongenerator/classes/examstore_class_inc.php,53,questiongenerator,application,connection_access,getDbObj(
modules,questiongenerator/classes/workshopservice_class_inc.php,147,questiongenerator,application,connection_access,getDbObj(
modules,questiongenerator/classes/workshopstore_class_inc.php,4,questiongenerator,application,dbtable_subclass,"extends dbTable"
modules,questiongenerator/classes/workshopstore_class_inc.php,7,questiongenerator,application,connection_access,getDbObj(
modules,questiongenerator/classes/workshopstore_class_inc.php,7,questiongenerator,application,mdb2_result_or_schema,->setCharset(
modules,questiongenerator/classes/workshopstore_class_inc.php,25,questiongenerator,application,transaction_or_lock,beginTransaction
modules,questiongenerator/classes/workshopstore_class_inc.php,28,questiongenerator,application,transaction_or_lock,"FOR UPDATE"
modules,questiongenerator/classes/workshopstore_class_inc.php,38,questiongenerator,application,transaction_or_lock,beginTransaction
modules,questiongenerator/classes/workshopstore_class_inc.php,40,questiongenerator,application,transaction_or_lock,"FOR UPDATE"
modules,questiongenerator/classes/workshopstore_class_inc.php,49,questiongenerator,application,connection_access,getDbObj(
modules,questiongenerator/classes/workshopstore_class_inc.php,75,questiongenerator,application,transaction_or_lock,beginTransaction
modules,questiongenerator/classes/workshopstore_class_inc.php,77,questiongenerator,application,transaction_or_lock,"FOR UPDATE"
modules,questiongenerator/classes/workshopstore_class_inc.php,98,questiongenerator,application,pear_error,PEAR_Error
modules,questiongenerator/classes/workshopstore_class_inc.php,104,questiongenerator,application,connection_access,getDbObj(
modules,questiongenerator/classes/workshopstore_class_inc.php,105,questiongenerator,application,mdb2_result_or_schema,->queryAll(
modules,questiongenerator/classes/workshopstore_class_inc.php,124,questiongenerator,application,connection_access,getDbObj(
modules,questiongenerator/patches/installscripts_class_inc.php,8,questiongenerator,application,connection_access,getDbObj(
modules,questiongenerator/patches/installscripts_class_inc.php,10,questiongenerator,application,pear_error,PEAR::isError
modules,questiongenerator/patches/installscripts_class_inc.php,23,questiongenerator,application,mdb2_symbol,MDB2_OK
modules,questiongenerator/tests/workspace_integration.php,5,questiongenerator,test-or-operator,connection_access,getDbObj(
modules,registration-service/classes/registrationcleanup_class_inc.php,6,registration-service,application,connection_access,getDbObj(
modules,registration-service/classes/registrationcleanup_class_inc.php,9,registration-service,application,mdb2_symbol,MDB2_PREPARE_RESULT
modules,registration-service/classes/registrationcleanup_class_inc.php,9,registration-service,application,mdb2_symbol,MDB2_PREPARE_MANIP
modules,registration-service/classes/registrationcleanup_class_inc.php,10,registration-service,application,pear_error,PEAR::isError
modules,registration-service/classes/registrationcleanup_class_inc.php,12,registration-service,application,pear_error,PEAR::isError
modules,registration-service/classes/registrationcleanup_class_inc.php,14,registration-service,application,mdb2_symbol,MDB2_FETCHMODE_ASSOC
modules,registration-service/classes/registrationcleanup_class_inc.php,15,registration-service,application,pear_error,PEAR::isError
modules,registration-service/classes/registrationcleanup_class_inc.php,90,registration-service,application,driver_state,->in_transaction
modules,registration-service/classes/registrationcleanup_class_inc.php,91,registration-service,application,pear_error,PEAR::isError
modules,registration-service/classes/registrationcleanup_class_inc.php,91,registration-service,application,transaction_or_lock,beginTransaction
modules,registration-service/classes/registrationcleanup_class_inc.php,93,registration-service,application,transaction_or_lock,"FOR UPDATE"
modules,registration-service/classes/registrationcleanup_class_inc.php,94,registration-service,application,transaction_or_lock,rollback
modules,registration-service/classes/registrationcleanup_class_inc.php,96,registration-service,application,transaction_or_lock,rollback
modules,registration-service/classes/registrationcleanup_class_inc.php,99,registration-service,application,transaction_or_lock,rollback
modules,registration-service/classes/registrationcleanup_class_inc.php,104,registration-service,application,transaction_or_lock,rollback
modules,registration-service/classes/registrationcleanup_class_inc.php,115,registration-service,application,pear_error,PEAR::isError
modules,registration-service/classes/registrationcleanup_class_inc.php,115,registration-service,application,transaction_or_lock,commit
modules,registration-service/classes/registrationcleanup_class_inc.php,115,registration-service,application,transaction_or_lock,commit
modules,registration-service/classes/registrationcleanup_class_inc.php,118,registration-service,application,driver_state,->in_transaction
modules,registration-service/classes/registrationcleanup_class_inc.php,118,registration-service,application,transaction_or_lock,rollback
modules,registration-service/classes/registrationidentityservice_class_inc.php,5,registration-service,application,dbtable_subclass,"extends dbTable"
modules,registration-service/classes/registrationidentityservice_class_inc.php,13,registration-service,application,connection_access,getDbObj(
modules,registration-service/classes/registrationidentityservice_class_inc.php,47,registration-service,application,raw_connection_member,->_db->quote
modules,registration-service/classes/registrationidentityservice_class_inc.php,55,registration-service,application,raw_connection_member,->_db->quote
modules,registration-service/classes/registrationservice_class_inc.php,12,registration-service,application,dbtable_subclass,"extends dbTable"
modules,registration-service/classes/registrationservice_class_inc.php,117,registration-service,application,transaction_or_lock,beginTransaction
modules,registration-service/classes/registrationservice_class_inc.php,315,registration-service,application,transaction_or_lock,beginTransaction
modules,registration-service/classes/registrationservice_class_inc.php,321,registration-service,application,transaction_or_lock,"FOR UPDATE"
modules,registration-service/classes/registrationservice_class_inc.php,459,registration-service,application,transaction_or_lock,beginTransaction
modules,registration-service/classes/registrationservice_class_inc.php,465,registration-service,application,transaction_or_lock,"FOR UPDATE"
modules,registration-service/classes/registrationservice_class_inc.php,606,registration-service,application,transaction_or_lock,beginTransaction
modules,registration-service/classes/registrationservice_class_inc.php,760,registration-service,application,transaction_or_lock,"FOR UPDATE"
modules,registration-service/classes/registrationservice_class_inc.php,943,registration-service,application,connection_access,getDbObj(
modules,registration-service/classes/registrationtokenservice_class_inc.php,7,registration-service,application,dbtable_subclass,"extends dbTable"
modules,registration-service/classes/registrationtokenservice_class_inc.php,46,registration-service,application,transaction_or_lock,beginTransaction
modules,registration-service/classes/registrationtokenservice_class_inc.php,107,registration-service,application,transaction_or_lock,beginTransaction
modules,registration-service/classes/registrationtokenservice_class_inc.php,113,registration-service,application,transaction_or_lock,"FOR UPDATE"
modules,registration-service/classes/registrationtokenservice_class_inc.php,173,registration-service,application,connection_access,getDbObj(
modules,registration-service/tests/registration_cleanup_integration_test.php,7,registration-service,test-or-operator,connection_access,getDbObj(
modules,registration-service/tests/registration_cleanup_integration_test.php,8,registration-service,test-or-operator,mdb2_symbol,MDB2_PREPARE_RESULT
modules,registration-service/tests/registration_cleanup_integration_test.php,8,registration-service,test-or-operator,mdb2_symbol,MDB2_PREPARE_MANIP
modules,registration-service/tests/registration_cleanup_integration_test.php,8,registration-service,test-or-operator,mdb2_symbol,MDB2_FETCHMODE_ASSOC
modules,registration-service/tests/registration_cleanup_integration_test.php,8,registration-service,test-or-operator,pear_error,PEAR::isError
modules,registration-service/tests/registration_cleanup_integration_test.php,8,registration-service,test-or-operator,pear_error,PEAR::isError
modules,registration-service/tests/registration_service_foundation_contract_test.php,52,registration-service,test-or-operator,transaction_or_lock,"FOR UPDATE"
modules,registration-service/tests/registration_service_foundation_contract_test.php,118,registration-service,test-or-operator,connection_access,getDbObj(
modules,rtt/classes/dbrtt_class_inc.php,3,rtt,application,dbtable_subclass,"extends dbtable"
modules,rtt/classes/dbrttjnlp_class_inc.php,3,rtt,application,dbtable_subclass,"extends dbtable"
modules,rtt/classes/dbrttusers_class_inc.php,3,rtt,application,dbtable_subclass,"extends dbtable"
modules,rubric/classes/dbrubricassessments_class_inc.php,14,rubric,application,dbtable_subclass,"extends dbTable"
modules,rubric/classes/dbrubriccells_class_inc.php,14,rubric,application,dbtable_subclass,"extends dbTable"
modules,rubric/classes/dbrubricobjectives_class_inc.php,14,rubric,application,dbtable_subclass,"extends dbTable"
modules,rubric/classes/dbrubricperformances_class_inc.php,14,rubric,application,dbtable_subclass,"extends dbTable"
modules,rubric/classes/dbrubrictables_class_inc.php,14,rubric,application,dbtable_subclass,"extends dbTable"
modules,rubric/controller.php,487,rubric,application,transaction_or_lock,beginTransaction
modules,shop/classes/shopstore_class_inc.php,8,shop,application,dbtable_subclass,"extends dbTable"
modules,shop/classes/shopstore_class_inc.php,18,shop,application,connection_access,getDbObj(
modules,shop/classes/shopstore_class_inc.php,25,shop,application,connection_access,getDbObj(
modules,shop/classes/shopstore_class_inc.php,25,shop,application,mdb2_result_or_schema,->queryAll(
modules,shop/classes/shopstore_class_inc.php,25,shop,application,mdb2_symbol,MDB2_FETCHMODE_ASSOC
modules,shop/classes/shopstore_class_inc.php,44,shop,application,connection_access,getDbObj(
modules,shop/classes/shopstore_class_inc.php,45,shop,application,pear_error,PEAR::isError
modules,shop/classes/shopstore_class_inc.php,49,shop,application,connection_access,getDbObj(
modules,shop/classes/shopstore_class_inc.php,50,shop,application,driver_state,->in_transaction
modules,shop/classes/shopstore_class_inc.php,51,shop,application,transaction_or_lock,beginTransaction
modules,shop/classes/shopstore_class_inc.php,52,shop,application,pear_error,PEAR::isError
modules,shop/classes/shopstore_class_inc.php,54,shop,application,mdb2_result_or_schema,->queryAll(
modules,shop/classes/shopstore_class_inc.php,54,shop,application,mdb2_symbol,MDB2_FETCHMODE_ASSOC
modules,shop/classes/shopstore_class_inc.php,54,shop,application,transaction_or_lock,"FOR UPDATE"
modules,shop/classes/shopstore_class_inc.php,57,shop,application,transaction_or_lock,commit
modules,shop/classes/shopstore_class_inc.php,58,shop,application,pear_error,PEAR::isError
modules,shop/classes/shopstore_class_inc.php,58,shop,application,transaction_or_lock,commit
modules,shop/classes/shopstore_class_inc.php,60,shop,application,transaction_or_lock,rollback
modules,shop/classes/shopstore_class_inc.php,65,shop,application,connection_access,getDbObj(
modules,shop/classes/shopstore_class_inc.php,65,shop,application,mdb2_result_or_schema,->queryAll(
modules,shop/classes/shopstore_class_inc.php,65,shop,application,mdb2_symbol,MDB2_FETCHMODE_ASSOC
modules,shop/classes/shopstore_class_inc.php,78,shop,application,connection_access,getDbObj(
modules,shop/classes/shopstore_class_inc.php,78,shop,application,mdb2_result_or_schema,->queryAll(
modules,shop/classes/shopstore_class_inc.php,78,shop,application,mdb2_symbol,MDB2_FETCHMODE_ASSOC
modules,shop/patches/installscripts_class_inc.php,10,shop,application,connection_access,getDbObj(
modules,shop/patches/installscripts_class_inc.php,10,shop,application,mdb2_result_or_schema,->loadModule(
modules,shop/patches/installscripts_class_inc.php,13,shop,application,mdb2_result_or_schema,->queryAll(
modules,shop/patches/installscripts_class_inc.php,13,shop,application,mdb2_symbol,MDB2_FETCHMODE_ASSOC
modules,shop/patches/installscripts_class_inc.php,15,shop,application,mdb2_result_or_schema,->queryAll(
modules,shop/patches/installscripts_class_inc.php,15,shop,application,mdb2_symbol,MDB2_FETCHMODE_ASSOC
modules,shop/patches/installscripts_class_inc.php,21,shop,application,driver_state,->manager
modules,shop/patches/installscripts_class_inc.php,21,shop,application,driver_state,->manager
modules,shop/patches/installscripts_class_inc.php,22,shop,application,pear_error,PEAR::isError
modules,shop/patches/installscripts_class_inc.php,29,shop,application,mdb2_result_or_schema,->queryAll(
modules,shop/patches/installscripts_class_inc.php,29,shop,application,mdb2_symbol,MDB2_FETCHMODE_ASSOC
modules,shop/patches/installscripts_class_inc.php,34,shop,application,pear_error,PEAR::isError
modules,shop/tests/cleanup_browser.php,7,shop,test-or-operator,connection_access,getDbObj(
modules,shop/tests/cleanup_browser.php,16,shop,test-or-operator,pear_error,PEAR::isError
modules,shop/tests/runtime_test.php,11,shop,test-or-operator,connection_access,getDbObj(
modules,shop/tests/runtime_test.php,41,shop,test-or-operator,transaction_or_lock,rollback
modules,shop/tests/runtime_test.php,43,shop,test-or-operator,transaction_or_lock,rollback
modules,shop/tests/upgrade_test.php,6,shop,test-or-operator,raw_connection_member,->db->query
modules,shop/tests/upgrade_test.php,6,shop,test-or-operator,raw_connection_member,->db->query
modules,shop/tests/upgrade_test.php,6,shop,test-or-operator,raw_connection_member,->db->real_escape_string
modules,shop/tests/upgrade_test.php,8,shop,test-or-operator,mdb2_symbol,MDB2_FETCHMODE_ASSOC
modules,shop/tests/upgrade_test.php,13,shop,test-or-operator,driver_state,->manager
modules,shop/tests/upgrade_test.php,23,shop,test-or-operator,connection_access,getDbObj(
modules,shop/tests/upgrade_test.php,42,shop,test-or-operator,mdb2_result_or_schema,->queryAll(
modules,shorturl/classes/dbmap_class_inc.php,19,shorturl,application,dbtable_subclass,"extends dbTable"
modules,simpleblog/classes/publishingservice_class_inc.php,84,simpleblog,application,transaction_or_lock,commit
modules,simpleblog/classes/publishingservice_class_inc.php,85,simpleblog,application,transaction_or_lock,rollback
modules,simpleblog/classes/publishingservice_class_inc.php,99,simpleblog,application,transaction_or_lock,commit
modules,simpleblog/classes/publishingservice_class_inc.php,100,simpleblog,application,transaction_or_lock,rollback
modules,simpleblog/classes/publishingstore_class_inc.php,4,simpleblog,application,dbtable_subclass,"extends dbTable"
modules,simpleblog/classes/publishingstore_class_inc.php,10,simpleblog,application,transaction_or_lock,commit
modules,simpleblog/classes/publishingstore_class_inc.php,10,simpleblog,application,transaction_or_lock,COMMIT
modules,simpleblog/classes/publishingstore_class_inc.php,11,simpleblog,application,transaction_or_lock,rollback
modules,simpleblog/classes/publishingstore_class_inc.php,11,simpleblog,application,transaction_or_lock,ROLLBACK
modules,simpleblog/classes/publishingstore_class_inc.php,12,simpleblog,application,transaction_or_lock,"FOR UPDATE"
modules,simpleblog/classes/publishingstore_class_inc.php,70,simpleblog,application,connection_access,getDbObj(
modules,simpleblog/patches/installscripts_class_inc.php,17,simpleblog,application,connection_access,getDbObj(
modules,simpleblog/patches/installscripts_class_inc.php,18,simpleblog,application,pear_error,PEAR::isError
modules,simpleblog/scripts/import-wordpress-posts.php,7,simpleblog,test-or-operator,connection_access,getDbObj(
modules,simpleblog/scripts/import-wordpress-posts.php,27,simpleblog,test-or-operator,pear_error,PEAR::isError
modules,simpleblog/scripts/import-wordpress-posts.php,35,simpleblog,test-or-operator,pear_error,PEAR::isError
modules,simpleblog/scripts/import-wordpress-posts.php,43,simpleblog,test-or-operator,pear_error,PEAR::isError
modules,simpleblog/scripts/import-wordpress-posts.php,43,simpleblog,test-or-operator,transaction_or_lock,COMMIT
modules,simpleblog/scripts/import-wordpress-posts.php,43,simpleblog,test-or-operator,transaction_or_lock,commit
modules,simpleblog/scripts/import-wordpress-posts.php,44,simpleblog,test-or-operator,transaction_or_lock,rollback
modules,simpleblog/scripts/upgrade-composition.php,38,simpleblog,test-or-operator,transaction_or_lock,commit
modules,simpleblog/scripts/upgrade-composition.php,39,simpleblog,test-or-operator,transaction_or_lock,rollback
modules,simpleblog/tests/publishing_test.php,20,simpleblog,test-or-operator,transaction_or_lock,commit
modules,simpleblog/tests/publishing_test.php,20,simpleblog,test-or-operator,transaction_or_lock,rollback
modules,simplefeedback/classes/dbsfanswers_class_inc.php,63,simplefeedback,application,dbtable_subclass,"extends dbtable"
modules,simplefeedback/classes/dbsfquestions_class_inc.php,63,simplefeedback,application,dbtable_subclass,"extends dbtable"
modules,simplefeedback/classes/dbsfsurveys_class_inc.php,63,simplefeedback,application,dbtable_subclass,"extends dbtable"
modules,simplegal/classes/dbsimplegal_class_inc.php,62,simplegal,application,dbtable_subclass,"extends dbtable"
modules,sitepages/classes/dbsitepages_class_inc.php,3,sitepages,application,dbtable_subclass,"extends dbTable"
modules,sitepages/classes/dbsitepages_class_inc.php,37,sitepages,application,connection_access,getDbObj(
modules,sitepages/classes/dbsitepages_class_inc.php,37,sitepages,application,pear_error,PEAR::isError
modules,sitepages/classes/dbsitepages_class_inc.php,39,sitepages,application,transaction_or_lock,"FOR UPDATE"
modules,sitepages/classes/dbsitepages_class_inc.php,41,sitepages,application,pear_error,PEAR::isError
modules,sitepages/classes/dbsitepages_class_inc.php,41,sitepages,application,transaction_or_lock,commit
modules,sitepages/classes/dbsitepages_class_inc.php,41,sitepages,application,transaction_or_lock,COMMIT
modules,sitepages/classes/dbsitepages_class_inc.php,41,sitepages,application,transaction_or_lock,commit
modules,sitepages/classes/dbsitepages_class_inc.php,42,sitepages,application,transaction_or_lock,ROLLBACK
modules,sitepages/controller.php,52,sitepages,application,raw_connection_member,->db->find
modules,sitepages/controller.php,57,sitepages,application,raw_connection_member,->db->activeRows
modules,sitepages/controller.php,86,sitepages,application,raw_connection_member,->db->findBySlug
modules,sitepages/controller.php,89,sitepages,application,raw_connection_member,->db->savePage
modules,sitepages/controller.php,103,sitepages,application,raw_connection_member,->db->archive
modules,sitepages/controller.php,108,sitepages,application,raw_connection_member,->db->findBySlug
modules,sitepages/scripts/configure-composition.php,5,sitepages,test-or-operator,connection_access,getDbObj(
modules,sitepages/scripts/configure-composition.php,5,sitepages,test-or-operator,mdb2_symbol,MDB2_FETCHMODE_ASSOC
modules,sitepages/scripts/configure-composition.php,5,sitepages,test-or-operator,pear_error,PEAR::isError
modules,sitepages/scripts/configure-composition.php,6,sitepages,test-or-operator,pear_error,PEAR::isError
modules,sitepages/scripts/configure-composition.php,7,sitepages,test-or-operator,pear_error,PEAR::isError
modules,sitestats/classes/dbcontextstats_class_inc.php,7,sitestats,application,dbtable_subclass,"extends dbTable"
modules,sitestats/classes/dbuserstats_class_inc.php,7,sitestats,application,dbtable_subclass,"extends dbTable"
modules,skinsuploader/classes/unzipskins_class_inc.php,18,skinsuploader,application,dbtable_subclass,"extends dbTable"
modules,slate/classes/dbslatepages_class_inc.php,63,slate,application,dbtable_subclass,"extends dbtable"
modules,statusbar/classes/dbstatusbar_bridging_class_inc.php,62,statusbar,application,dbtable_subclass,"extends dbtable"
modules,statusbar/classes/dbstatusbar_settings_class_inc.php,62,statusbar,application,dbtable_subclass,"extends dbtable"
modules,survey/classes/dbanswer_class_inc.php,14,survey,application,dbtable_subclass,"extends dbTable"
modules,survey/classes/dbcomments_class_inc.php,14,survey,application,dbtable_subclass,"extends dbTable"
modules,survey/classes/dbitem_class_inc.php,14,survey,application,dbtable_subclass,"extends dbTable"
modules,survey/classes/dbpagequestions_class_inc.php,14,survey,application,dbtable_subclass,"extends dbTable"
modules,survey/classes/dbpages_class_inc.php,14,survey,application,dbtable_subclass,"extends dbTable"
modules,survey/classes/dbquestion_class_inc.php,14,survey,application,dbtable_subclass,"extends dbTable"
modules,survey/classes/dbquestioncol_class_inc.php,14,survey,application,dbtable_subclass,"extends dbTable"
modules,survey/classes/dbquestionrow_class_inc.php,14,survey,application,dbtable_subclass,"extends dbTable"
modules,survey/classes/dbresponse_class_inc.php,14,survey,application,dbtable_subclass,"extends dbTable"
modules,survey/classes/dbsurvey_class_inc.php,14,survey,application,dbtable_subclass,"extends dbTable"
modules,survey/classes/dbtype_class_inc.php,14,survey,application,dbtable_subclass,"extends dbTable"
modules,survey/classes/groups_class_inc.php,14,survey,application,dbtable_subclass,"extends dbTable"
modules,switchboard/classes/dbswitchboardlinks_class_inc.php,62,switchboard,application,dbtable_subclass,"extends dbtable"
modules,systemmanagement/classes/dbsystemnotices_class_inc.php,4,systemmanagement,application,dbtable_subclass,"extends dbTable"
modules,systemmanagement/classes/dbsystemnotices_class_inc.php,29,systemmanagement,application,connection_access,getDbObj(
modules,systemmanagement/tests/systemmanagement_contract_test.php,3,systemmanagement,test-or-operator,connection_access,getDbObj(
modules,textblock/classes/contentblockbase_class_inc.php,45,textblock,application,raw_connection_member,->objDb->getRow
modules,textblock/classes/contentblockbase_class_inc.php,89,textblock,application,raw_connection_member,->objDb->getBlockById
modules,textblock/classes/contentblockui_class_inc.php,140,textblock,application,raw_connection_member,->objDb->getBlocksArr
modules,textblock/classes/dbcontentblocks_class_inc.php,19,textblock,application,dbtable_subclass,"extends dbTable"
modules,textblock/classes/dbtextblock_class_inc.php,18,textblock,application,dbtable_subclass,"extends dbTable"
modules,textblock/classes/textblockbase_class_inc.php,43,textblock,application,raw_connection_member,->objDb->getRow
modules,textblock/classes/textblockbase_class_inc.php,88,textblock,application,raw_connection_member,->objDb->getRow
modules,textblock/controller.php,89,textblock,application,raw_connection_member,->objDb->delete
modules,textblock/controller.php,111,textblock,application,raw_connection_member,->objDb->saveRecord
modules,translate/classes/dbform_class_inc.php,20,translate,application,dbtable_subclass,"extends dbtable"
modules,triplestore/classes/dbtriplestore_class_inc.php,56,triplestore,application,dbtable_subclass,"extends dbTable"
modules,tutorials/classes/dbtutorials_class_inc.php,14,tutorials,application,dbtable_subclass,"extends dbTable"
modules,userstats/classes/dbloginhistory_class_inc.php,7,userstats,application,dbtable_subclass,"extends dbTable"
modules,wall/classes/dbcomment_class_inc.php,57,wall,application,dbtable_subclass,"extends dbtable"
modules,wall/classes/dbwall_class_inc.php,57,wall,application,dbtable_subclass,"extends dbtable"
modules,webinar/classes/webinareditservice_class_inc.php,100,webinar,application,transaction_or_lock,commit
modules,webinar/classes/webinareditservice_class_inc.php,101,webinar,application,transaction_or_lock,rollback
modules,webinar/classes/webinareditservice_class_inc.php,122,webinar,application,transaction_or_lock,commit
modules,webinar/classes/webinareditservice_class_inc.php,123,webinar,application,transaction_or_lock,rollback
modules,webinar/classes/webinareditstore_class_inc.php,4,webinar,application,dbtable_subclass,"extends dbTable"
modules,webinar/classes/webinareditstore_class_inc.php,8,webinar,application,connection_access,getDbObj(
modules,webinar/classes/webinareditstore_class_inc.php,13,webinar,application,pear_error,PEAR::isError
modules,webinar/classes/webinareditstore_class_inc.php,14,webinar,application,mdb2_symbol,MDB2_FETCHMODE_ASSOC
modules,webinar/classes/webinareditstore_class_inc.php,19,webinar,application,pear_error,PEAR::isError
modules,webinar/classes/webinareditstore_class_inc.php,44,webinar,application,transaction_or_lock,commit
modules,webinar/classes/webinareditstore_class_inc.php,44,webinar,application,transaction_or_lock,COMMIT
modules,webinar/classes/webinareditstore_class_inc.php,45,webinar,application,transaction_or_lock,rollback
modules,webinar/classes/webinareditstore_class_inc.php,45,webinar,application,transaction_or_lock,ROLLBACK
modules,webinar/classes/webinareditstore_class_inc.php,49,webinar,application,transaction_or_lock,"FOR UPDATE"
modules,webinar/classes/webinarregistrations_class_inc.php,4,webinar,application,dbtable_subclass,"extends dbTable"
modules,webinar/classes/webinarregistrationservice_class_inc.php,41,webinar,application,transaction_or_lock,beginTransaction
modules,webinar/classes/webinarregistrationservice_class_inc.php,65,webinar,application,transaction_or_lock,beginTransaction
modules,webinar/classes/webinarstore_class_inc.php,4,webinar,application,dbtable_subclass,"extends dbTable"
modules,webinar/classes/webinarvideos_class_inc.php,4,webinar,application,dbtable_subclass,"extends dbTable"
modules,webinar/classes/webinarvideos_class_inc.php,11,webinar,application,connection_access,getDbObj(
modules,webinar/patches/installscripts_class_inc.php,4,webinar,application,dbtable_subclass,"extends dbTable"
modules,webinar/scripts/import-full-archive.php,66,webinar,test-or-operator,connection_access,getDbObj(
modules,webinar/scripts/import-full-archive.php,66,webinar,test-or-operator,pear_error,PEAR::isError
modules,webinar/scripts/import-full-archive.php,66,webinar,test-or-operator,transaction_or_lock,beginTransaction
modules,webinar/scripts/import-full-archive.php,76,webinar,test-or-operator,pear_error,PEAR::isError
modules,webinar/scripts/import-full-archive.php,76,webinar,test-or-operator,transaction_or_lock,commit
modules,webinar/scripts/import-full-archive.php,76,webinar,test-or-operator,transaction_or_lock,commit
modules,webinar/scripts/import-full-archive.php,76,webinar,test-or-operator,transaction_or_lock,commit
modules,webinar/scripts/import-full-archive.php,76,webinar,test-or-operator,transaction_or_lock,commit
modules,webinar/scripts/import-full-archive.php,77,webinar,test-or-operator,transaction_or_lock,rollback
modules,webinar/scripts/import-icegram-upcoming.php,12,webinar,test-or-operator,connection_access,getDbObj(
modules,webinar/scripts/import-icegram-upcoming.php,12,webinar,test-or-operator,mdb2_symbol,MDB2_FETCHMODE_ASSOC
modules,webinar/scripts/import-icegram-upcoming.php,12,webinar,test-or-operator,pear_error,PEAR::isError
modules,webinar/scripts/import-icegram-upcoming.php,12,webinar,test-or-operator,pear_error,PEAR::isError
modules,webinar/scripts/import-icegram-upcoming.php,33,webinar,test-or-operator,transaction_or_lock,"FOR UPDATE"
modules,webinar/scripts/import-icegram-upcoming.php,43,webinar,test-or-operator,transaction_or_lock,"FOR UPDATE"
modules,webinar/scripts/import-icegram-upcoming.php,55,webinar,test-or-operator,transaction_or_lock,"FOR UPDATE"
modules,webinar/scripts/import-icegram-upcoming.php,64,webinar,test-or-operator,transaction_or_lock,COMMIT
modules,webinar/scripts/import-icegram-upcoming.php,64,webinar,test-or-operator,transaction_or_lock,ROLLBACK
modules,webinar/scripts/import-icegram-upcoming.php,64,webinar,test-or-operator,transaction_or_lock,Rollback
modules,webinar/scripts/import-icegram-upcoming.php,66,webinar,test-or-operator,transaction_or_lock,ROLLBACK
modules,webinar/scripts/import-wordpress-taxonomy.php,26,webinar,test-or-operator,transaction_or_lock,commit
modules,webinar/scripts/import-wordpress-taxonomy.php,26,webinar,test-or-operator,transaction_or_lock,rollback
modules,webinar/scripts/import-wordpress-taxonomy.php,27,webinar,test-or-operator,transaction_or_lock,rollback
modules,webinar/scripts/import-youtube-channel.php,10,webinar,test-or-operator,connection_access,getDbObj(
modules,webinar/scripts/import-youtube-channel.php,10,webinar,test-or-operator,pear_error,PEAR::isError
modules,webinar/scripts/import-youtube-channel.php,10,webinar,test-or-operator,transaction_or_lock,beginTransaction
modules,webinar/scripts/import-youtube-channel.php,15,webinar,test-or-operator,pear_error,PEAR::isError
modules,webinar/scripts/import-youtube-channel.php,18,webinar,test-or-operator,pear_error,PEAR::isError
modules,webinar/scripts/import-youtube-channel.php,18,webinar,test-or-operator,transaction_or_lock,commit
modules,webinar/scripts/import-youtube-channel.php,18,webinar,test-or-operator,transaction_or_lock,commit
modules,webinar/scripts/import-youtube-channel.php,18,webinar,test-or-operator,transaction_or_lock,commit
modules,webinar/scripts/import-youtube-channel.php,18,webinar,test-or-operator,transaction_or_lock,commit
modules,webinar/scripts/import-youtube-channel.php,19,webinar,test-or-operator,transaction_or_lock,rollback
modules,webinar/scripts/preserve-icegram-draft.php,6,webinar,test-or-operator,connection_access,getDbObj(
modules,webinar/scripts/preserve-icegram-draft.php,6,webinar,test-or-operator,mdb2_symbol,MDB2_FETCHMODE_ASSOC
modules,webinar/scripts/preserve-icegram-draft.php,6,webinar,test-or-operator,pear_error,PEAR::isError
modules,webinar/scripts/preserve-icegram-draft.php,6,webinar,test-or-operator,pear_error,PEAR::isError
modules,webinar/scripts/preserve-icegram-draft.php,9,webinar,test-or-operator,transaction_or_lock,"FOR UPDATE"
modules,webinar/scripts/preserve-icegram-draft.php,17,webinar,test-or-operator,transaction_or_lock,"FOR UPDATE"
modules,webinar/scripts/preserve-icegram-draft.php,33,webinar,test-or-operator,transaction_or_lock,COMMIT
modules,webinar/scripts/preserve-icegram-draft.php,33,webinar,test-or-operator,transaction_or_lock,ROLLBACK
modules,webinar/scripts/preserve-icegram-draft.php,33,webinar,test-or-operator,transaction_or_lock,Rollback
modules,webinar/scripts/preserve-icegram-draft.php,35,webinar,test-or-operator,transaction_or_lock,ROLLBACK
modules,webinar/tests/editor_test.php,13,webinar,test-or-operator,transaction_or_lock,rollback
modules,webinar/tests/editor_test.php,13,webinar,test-or-operator,transaction_or_lock,commit
modules,webinar/tests/editor_test.php,30,webinar,test-or-operator,transaction_or_lock,rollback
modules,webinar/tests/registration_counts_test.php,12,webinar,test-or-operator,pdo,PDO
modules,webinar/tests/registration_counts_test.php,18,webinar,test-or-operator,pdo,PDO
modules,webinar/tests/registration_counts_test.php,18,webinar,test-or-operator,pdo,PDO
modules,webinar/tests/registration_counts_test.php,18,webinar,test-or-operator,pdo,PDO
modules,webinar/tests/registration_modes_test.php,15,webinar,test-or-operator,transaction_or_lock,beginTransaction
modules,workgroup/classes/dbusers_class_inc.php,14,workgroup,application,dbtable_subclass,"extends dbTable"
modules,workgroup/classes/dbworkgroup_class_inc.php,13,workgroup,application,dbtable_subclass,"extends dbTable"
modules,workgroup/classes/dbworkgroupfiles_class_inc.php,22,workgroup,application,dbtable_subclass,"extends dbTable"
modules,workgroup/classes/dbworkgroupusers_class_inc.php,14,workgroup,application,dbtable_subclass,"extends dbTable"
modules,worksheet/classes/dbworksheet_class_inc.php,21,worksheet,application,dbtable_subclass,"extends dbTable"
modules,worksheet/classes/dbworksheetaimarkingjobs_class_inc.php,5,worksheet,application,dbtable_subclass,"extends dbTable"
modules,worksheet/classes/dbworksheetanswers_class_inc.php,22,worksheet,application,dbtable_subclass,"extends dbTable"
modules,worksheet/classes/dbworksheetquestions_class_inc.php,22,worksheet,application,dbtable_subclass,"extends dbTable"
modules,worksheet/classes/dbworksheetresults_class_inc.php,21,worksheet,application,dbtable_subclass,"extends dbtable"
